Price,Adj Close,Close,High,Low,Open,Volume
Ticker,BND,BND,BND,BND,BND,BND
Date,,,,,,
2015-01-02,59.405399322509766,82.6500015258789,82.69000244140625,82.41999816894531,82.43000030517578,2218800
2015-01-05,59.5778923034668,82.88999938964844,82.91999816894531,82.69999694824219,82.73999786376953,5820100
2015-01-06,59.75039291381836,83.12999725341797,83.37999725341797,83.02999877929688,83.02999877929688,3887600
2015-01-07,59.78635025024414,83.18000030517578,83.27999877929688,83.05000305175781,83.13999938964844,2433400
2015-01-08,59.69288635253906,83.05000305175781,83.11000061035156,82.97000122070312,83.11000061035156,1873400
2015-01-09,59.79350662231445,83.19000244140625,83.29000091552734,83.0,83.01000213623047,1646100
2015-01-12,59.872554779052734,83.30000305175781,83.33000183105469,83.19999694824219,83.25,4397900
2015-01-13,59.930091857910156,83.37999725341797,83.47000122070312,83.2300033569336,83.30999755859375,2223400
2015-01-14,60.066646575927734,83.56999969482422,83.72000122070312,83.55000305175781,83.63999938964844,2481200
2015-01-15,60.332611083984375,83.94000244140625,83.95999908447266,83.55000305175781,83.55000305175781,4214500
2015-01-16,60.15290832519531,83.69000244140625,83.8499984741211,83.58000183105469,83.80999755859375,3631300
2015-01-20,60.088172912597656,83.5999984741211,83.83000183105469,83.56999969482422,83.69999694824219,3029500
2015-01-21,59.97322082519531,83.44000244140625,83.80000305175781,83.43000030517578,83.79000091552734,2473900
2015-01-22,59.98762893676758,83.45999908447266,83.62999725341797,83.37000274658203,83.62999725341797,2157400
2015-01-23,60.18165588378906,83.7300033569336,83.7699966430664,83.61000061035156,83.63999938964844,6255000
2015-01-26,60.10974884033203,83.62999725341797,83.75,83.58000183105469,83.7300033569336,7810500
2015-01-27,60.14568328857422,83.68000030517578,83.88999938964844,83.62999725341797,83.86000061035156,1154100
2015-01-28,60.361351013183594,83.9800033569336,84.08999633789062,83.62000274658203,83.63999938964844,1394600
2015-01-29,60.29667663574219,83.88999938964844,83.97000122070312,83.76000213623047,83.94000244140625,1551300
2015-01-30,60.627315521240234,84.3499984741211,84.3499984741211,84.11000061035156,84.19999694824219,10474400
2015-02-02,60.55531311035156,84.08000183105469,84.18000030517578,83.91000366210938,83.94999694824219,6070500
2015-02-03,60.36801528930664,83.81999969482422,83.98999786376953,83.7699966430664,83.93000030517578,1237200
2015-02-04,60.38959884643555,83.8499984741211,83.86000061035156,83.55999755859375,83.6500015258789,2945700
2015-02-05,60.260009765625,83.66999816894531,83.76000213623047,83.61000061035156,83.69000244140625,2128200
2015-02-06,59.87108612060547,83.12999725341797,83.41999816894531,83.11000061035156,83.37999725341797,2907700
2015-02-09,59.849456787109375,83.0999984741211,83.29000091552734,83.05999755859375,83.2699966430664,1384600
2015-02-10,59.74139404296875,82.94999694824219,83.04000091552734,82.9000015258789,83.0,1447900
2015-02-11,59.74139404296875,82.94999694824219,83.05000305175781,82.88999938964844,83.0,1904000
2015-02-12,59.77027893066406,82.98999786376953,83.0999984741211,82.95999908447266,82.98999786376953,4662900
2015-02-13,59.63336181640625,82.80000305175781,83.02999877929688,82.80000305175781,83.02999877929688,1883000
2015-02-17,59.39570999145508,82.47000122070312,82.80000305175781,82.44000244140625,82.77999877929688,5281500
2015-02-18,59.56134033203125,82.69999694824219,82.81999969482422,82.48999786376953,82.58999633789062,3813000
2015-02-19,59.51095962524414,82.62999725341797,82.80999755859375,82.5999984741211,82.73999786376953,1322700
2015-02-20,59.52537155151367,82.6500015258789,82.87999725341797,82.52999877929688,82.75,3145800
2015-02-23,59.6478157043457,82.81999969482422,82.88999938964844,82.75,82.80000305175781,3952700
2015-02-24,59.892696380615234,83.16000366210938,83.22000122070312,82.68000030517578,82.81999969482422,2542200
2015-02-25,59.95027160644531,83.23999786376953,83.26000213623047,83.08000183105469,83.1500015258789,4934600
2015-02-26,59.784645080566406,83.01000213623047,83.23999786376953,83.0,83.13999938964844,2187500
2015-02-27,59.83504104614258,83.08000183105469,83.11000061035156,82.93000030517578,83.02999877929688,4094400
2015-03-02,59.64165496826172,82.6500015258789,83.0,82.62999725341797,82.95999908447266,2476100
2015-03-03,59.56953811645508,82.55000305175781,82.70999908447266,82.52999877929688,82.62999725341797,2648100
2015-03-04,59.56953811645508,82.55000305175781,82.66000366210938,82.51000213623047,82.5999984741211,1425400
2015-03-05,59.605613708496094,82.5999984741211,82.68000030517578,82.5,82.56999969482422,1340800
2015-03-06,59.259193420410156,82.12000274658203,82.30999755859375,82.02999877929688,82.30999755859375,1580000
2015-03-09,59.33137893676758,82.22000122070312,82.30000305175781,82.18000030517578,82.27999877929688,1982300
2015-03-10,59.56226348876953,82.54000091552734,82.55000305175781,82.43000030517578,82.44999694824219,3766100
2015-03-11,59.62722396850586,82.62999725341797,82.69000244140625,82.51000213623047,82.54000091552734,4829700
2015-03-12,59.67051696777344,82.69000244140625,82.88999938964844,82.6500015258789,82.87000274658203,8421500
2015-03-13,59.61278533935547,82.61000061035156,82.7699966430664,82.58000183105469,82.61000061035156,2114500
2015-03-16,59.72828674316406,82.7699966430664,82.87000274658203,82.66999816894531,82.81999969482422,1203700
2015-03-17,59.77875900268555,82.83999633789062,82.83999633789062,82.73999786376953,82.77999877929688,1471300
2015-03-18,60.14678955078125,83.3499984741211,83.3499984741211,82.7699966430664,82.93000030517578,5534300
2015-03-19,59.96638107299805,83.0999984741211,83.31999969482422,83.05000305175781,83.30000305175781,1208100
2015-03-20,60.125160217285156,83.31999969482422,83.33000183105469,83.1500015258789,83.1500015258789,1011200
2015-03-23,60.15401077270508,83.36000061035156,83.37000274658203,83.22000122070312,83.36000061035156,1572700
2015-03-24,60.25505065917969,83.5,83.55000305175781,83.33000183105469,83.41000366210938,2300500
2015-03-25,60.16122055053711,83.37000274658203,83.5999984741211,83.3499984741211,83.5999984741211,1559900
2015-03-26,59.96638107299805,83.0999984741211,83.26000213623047,83.0199966430664,83.25,2342500
2015-03-27,60.024131774902344,83.18000030517578,83.29000091552734,83.12999725341797,83.18000030517578,6542300
2015-03-30,60.096282958984375,83.27999877929688,83.31999969482422,83.20999908447266,83.30000305175781,1634800
2015-03-31,60.16122055053711,83.37000274658203,83.44000244140625,83.23999786376953,83.30000305175781,1996000
2015-04-01,60.40065002441406,83.51000213623047,83.55000305175781,83.3499984741211,83.37000274658203,3132700
2015-04-02,60.32109069824219,83.4000015258789,83.55000305175781,83.37000274658203,83.54000091552734,791200
2015-04-06,60.3717155456543,83.47000122070312,83.61000061035156,83.38999938964844,83.5999984741211,1768800
2015-04-07,60.40785217285156,83.5199966430664,83.54000091552734,83.33000183105469,83.4000015258789,977400
2015-04-08,60.36449432373047,83.45999908447266,83.54000091552734,83.33999633789062,83.5199966430664,3470700
2015-04-09,60.23429489135742,83.27999877929688,83.4800033569336,83.19999694824219,83.4800033569336,1025400
2015-04-10,60.2053108215332,83.23999786376953,83.37999725341797,83.19999694824219,83.3499984741211,4290100
2015-04-13,60.219825744628906,83.26000213623047,83.3499984741211,83.19999694824219,83.30000305175781,6046400
2015-04-14,60.328330993652344,83.41000366210938,83.58999633789062,83.4000015258789,83.52999877929688,1398100
2015-04-15,60.38612747192383,83.48999786376953,83.58000183105469,83.45999908447266,83.55000305175781,1022400
2015-04-16,60.3717155456543,83.47000122070312,83.55999755859375,83.37999725341797,83.51000213623047,1289900
2015-04-17,60.47294998168945,83.61000061035156,83.66000366210938,83.4000015258789,83.44999694824219,1693900
2015-04-20,60.40785217285156,83.5199966430664,83.58999633789062,83.41999816894531,83.55000305175781,2463600
2015-04-21,60.33550262451172,83.41999816894531,83.5199966430664,83.36000061035156,83.4800033569336,1788000
2015-04-22,60.11128616333008,83.11000061035156,83.4000015258789,83.11000061035156,83.38999938964844,1501300
2015-04-23,60.22707748413086,83.2699966430664,83.37000274658203,83.13999938964844,83.19000244140625,5518000
2015-04-24,60.32109069824219,83.4000015258789,83.4800033569336,83.33000183105469,83.37999725341797,1597900
2015-04-27,60.27766418457031,83.33999633789062,83.44000244140625,83.27999877929688,83.44000244140625,1591400
2015-04-28,60.08961486816406,83.08000183105469,83.29000091552734,83.05999755859375,83.2699966430664,1217700
2015-04-29,59.90156936645508,82.81999969482422,82.91999816894531,82.72000122070312,82.83000183105469,1905200
2015-04-30,59.9666862487793,82.91000366210938,82.91000366210938,82.56999969482422,82.69000244140625,4229900
2015-05-01,59.78477096557617,82.5,82.62999725341797,82.41999816894531,82.55999755859375,7173200
2015-05-04,59.69785690307617,82.37999725341797,82.5999984741211,82.36000061035156,82.56999969482422,1190000
2015-05-05,59.6036262512207,82.25,82.41999816894531,82.13999938964844,82.41999816894531,4175700
2015-05-06,59.436920166015625,82.0199966430664,82.19999694824219,81.94999694824219,82.19999694824219,3938900
2015-05-07,59.56013107299805,82.19000244140625,82.25,82.08000183105469,82.0999984741211,3602900
2015-05-08,59.71955108642578,82.41000366210938,82.55000305175781,82.3499984741211,82.4800033569336,1735900
2015-05-11,59.407962799072266,81.9800033569336,82.31999969482422,81.91999816894531,82.25,929200
2015-05-12,59.33549880981445,81.87999725341797,82.02999877929688,81.75,81.8499984741211,2139600
2015-05-13,59.30652618408203,81.83999633789062,82.16000366210938,81.80000305175781,82.11000061035156,2372000
2015-05-14,59.422447204589844,82.0,82.05999755859375,81.9000015258789,81.94999694824219,1485300
2015-05-15,59.6616096496582,82.33000183105469,82.37000274658203,82.13999938964844,82.16000366210938,1402700
2015-05-18,59.44419479370117,82.02999877929688,82.26000213623047,82.0199966430664,82.26000213623047,3747700
2015-05-19,59.31376266479492,81.8499984741211,81.97000122070312,81.76000213623047,81.80000305175781,4856500
2015-05-20,59.31376266479492,81.8499984741211,81.95999908447266,81.77999877929688,81.87999725341797,4097400
2015-05-21,59.50215148925781,82.11000061035156,82.16000366210938,81.94999694824219,82.0,2314100
2015-05-22,59.465911865234375,82.05999755859375,82.08999633789062,81.91000366210938,82.05999755859375,816600
2015-05-26,59.61085891723633,82.26000213623047,82.30999755859375,82.02999877929688,82.05999755859375,1178300
2015-05-27,59.639854431152344,82.30000305175781,82.33999633789062,82.13999938964844,82.27999877929688,2564500
2015-05-28,59.6470947265625,82.30999755859375,82.37999725341797,82.25,82.33000183105469,1073300
2015-05-29,59.6688232421875,82.33999633789062,82.45999908447266,82.29000091552734,82.41999816894531,2494300
2015-06-01,59.46986389160156,81.9000015258789,82.19000244140625,81.86000061035156,82.19000244140625,1362800
2015-06-02,59.30287170410156,81.66999816894531,81.83000183105469,81.5999984741211,81.80000305175781,1510000
2015-06-03,59.0414924621582,81.30999755859375,81.52999877929688,81.22000122070312,81.5199966430664,1390000
2015-06-04,59.18667221069336,81.51000213623047,81.61000061035156,81.4000015258789,81.41999816894531,1111300
2015-06-05,58.95433044433594,81.19000244140625,81.3499984741211,81.0999984741211,81.2699966430664,4115300
2015-06-08,59.02691650390625,81.29000091552734,81.33999633789062,81.2300033569336,81.2699966430664,4954500
2015-06-09,58.852657318115234,81.05000305175781,81.19999694824219,81.01000213623047,81.19999694824219,2883300
2015-06-10,58.72923278808594,80.87999725341797,81.0,80.83000183105469,80.91999816894531,1222800
2015-06-11,59.00518798828125,81.26000213623047,81.2699966430664,80.94000244140625,81.0,1815900
2015-06-12,58.96156311035156,81.19999694824219,81.41999816894531,81.12000274658203,81.16999816894531,1785100
2015-06-15,58.968833923339844,81.20999908447266,81.43000030517578,81.19000244140625,81.37999725341797,2082900
2015-06-16,59.12134552001953,81.41999816894531,81.41999816894531,81.2300033569336,81.33999633789062,2250700
2015-06-17,59.14311218261719,81.44999694824219,81.47000122070312,81.0999984741211,81.37999725341797,865700
2015-06-18,59.09952926635742,81.38999938964844,81.44000244140625,81.19999694824219,81.37000274658203,1210300
2015-06-19,59.266578674316406,81.62000274658203,81.6500015258789,81.51000213623047,81.55000305175781,1176700
2015-06-22,58.98335647583008,81.2300033569336,81.48999786376953,81.20999908447266,81.41999816894531,1020000
2015-06-23,58.84538269042969,81.04000091552734,81.2300033569336,81.0,81.04000091552734,1096000
2015-06-24,58.95433044433594,81.19000244140625,81.2300033569336,81.08000183105469,81.1500015258789,6836900
2015-06-25,58.87444305419922,81.08000183105469,81.19999694824219,81.04000091552734,81.16000366210938,2894500
2015-06-26,58.765533447265625,80.93000030517578,80.9800033569336,80.8499984741211,80.94000244140625,963000
2015-06-29,59.063232421875,81.33999633789062,81.4000015258789,81.08000183105469,81.19000244140625,2168400
2015-06-30,59.00518798828125,81.26000213623047,81.4800033569336,81.23999786376953,81.26000213623047,1547800
2015-07-01,58.861812591552734,80.9000015258789,81.02999877929688,80.83000183105469,80.87000274658203,5399300
2015-07-02,59.00730514526367,81.0999984741211,81.18000030517578,81.05999755859375,81.05999755859375,1060100
2015-07-06,59.21105194091797,81.37999725341797,81.44000244140625,81.22000122070312,81.44000244140625,2210700
2015-07-07,59.26923370361328,81.45999908447266,81.7699966430664,81.45999908447266,81.69000244140625,4183200
2015-07-08,59.43659591674805,81.69000244140625,81.76000213623047,81.55999755859375,81.63999938964844,1967800
2015-07-09,59.240150451660156,81.41999816894531,81.58000183105469,81.37999725341797,81.55999755859375,1670900
2015-07-10,58.96369934082031,81.04000091552734,81.16000366210938,80.94999694824219,81.0199966430664,2038300
2015-07-13,58.82544708251953,80.8499984741211,81.01000213623047,80.83999633789062,80.86000061035156,2846500
2015-07-14,58.934547424316406,81.0,81.06999969482422,80.95999908447266,81.0,1567700
2015-07-15,59.10194778442383,81.2300033569336,81.26000213623047,80.9800033569336,81.01000213623047,2631000
2015-07-16,59.10194778442383,81.2300033569336,81.27999877929688,81.05000305175781,81.06999969482422,1063100
2015-07-17,59.10917663574219,81.23999786376953,81.31999969482422,81.19999694824219,81.25,807900
2015-07-20,59.029151916503906,81.12999725341797,81.22000122070312,81.08000183105469,81.19000244140625,1026900
2015-07-21,59.13829803466797,81.27999877929688,81.33000183105469,81.0999984741211,81.12000274658203,1422900
2015-07-22,59.16018295288086,81.30999755859375,81.43000030517578,81.30000305175781,81.31999969482422,1624100
2015-07-23,59.29835510253906,81.5,81.54000091552734,81.29000091552734,81.3499984741211,1178400
2015-07-24,59.334781646728516,81.55000305175781,81.61000061035156,81.5,81.58999633789062,804300
2015-07-27,59.45114517211914,81.70999908447266,81.72000122070312,81.61000061035156,81.69000244140625,2022800
2015-07-28,59.34931564331055,81.56999969482422,81.6500015258789,81.55999755859375,81.61000061035156,1434700
2015-07-29,59.29835510253906,81.5,81.58000183105469,81.44000244140625,81.56999969482422,1020500
2015-07-30,59.3201904296875,81.52999877929688,81.58000183105469,81.44000244140625,81.4800033569336,788000
2015-07-31,59.52392578125,81.80999755859375,81.83000183105469,81.72000122070312,81.77999877929688,1589100
2015-08-03,59.66172409057617,81.83000183105469,81.8499984741211,81.63999938964844,81.69999694824219,2085800
2015-08-04,59.45761489868164,81.55000305175781,81.77999877929688,81.52999877929688,81.76000213623047,1007300
2015-08-05,59.36278533935547,81.41999816894531,81.47000122070312,81.30999755859375,81.44999694824219,2097000
2015-08-06,59.39924240112305,81.47000122070312,81.55000305175781,81.41999816894531,81.44000244140625,1173000
2015-08-07,59.5232048034668,81.63999938964844,81.70999908447266,81.55000305175781,81.5999984741211,1773800
2015-08-10,59.39924240112305,81.47000122070312,81.61000061035156,81.41999816894531,81.58000183105469,1173300
2015-08-11,59.625244140625,81.77999877929688,81.88999938964844,81.70999908447266,81.73999786376953,1424200
2015-08-12,59.60338592529297,81.75,82.02999877929688,81.7300033569336,81.91999816894531,1029700
2015-08-13,59.47942352294922,81.58000183105469,81.75,81.55000305175781,81.66999816894531,845500
2015-08-14,59.45761489868164,81.55000305175781,81.66999816894531,81.51000213623047,81.55000305175781,2279800
2015-08-17,59.56693649291992,81.69999694824219,81.77999877929688,81.66000366210938,81.73999786376953,821900
2015-08-18,59.45761489868164,81.55000305175781,81.66000366210938,81.5199966430664,81.5999984741211,1083900
2015-08-19,59.66902542114258,81.83999633789062,81.87000274658203,81.41999816894531,81.47000122070312,1356600
2015-08-20,59.720062255859375,81.91000366210938,81.97000122070312,81.83999633789062,81.87000274658203,1536900
2015-08-21,59.814823150634766,82.04000091552734,82.08999633789062,81.87000274658203,81.97000122070312,3459200
2015-08-24,59.80022048950195,82.0199966430664,82.43000030517578,81.93000030517578,82.30000305175781,4751800
2015-08-25,59.60338592529297,81.75,81.91999816894531,81.5999984741211,81.91999816894531,5325500
2015-08-26,59.348201751708984,81.4000015258789,81.73999786376953,81.3499984741211,81.54000091552734,2742500
2015-08-27,59.42842102050781,81.51000213623047,81.62000274658203,81.3499984741211,81.37000274658203,2671000
2015-08-28,59.45761489868164,81.55000305175781,81.73999786376953,81.51000213623047,81.69000244140625,2723900
2015-08-31,59.37739181518555,81.44000244140625,81.69999694824219,81.43000030517578,81.68000030517578,3103700
2015-09-01,59.52202606201172,81.47000122070312,81.54000091552734,81.33999633789062,81.38999938964844,2577700
2015-09-02,59.47819137573242,81.41000366210938,81.5,81.33000183105469,81.38999938964844,1934700
2015-09-03,59.52202606201172,81.47000122070312,81.56999969482422,81.4000015258789,81.5199966430664,2503000
2015-09-04,59.668148040771484,81.66999816894531,81.69999694824219,81.4800033569336,81.61000061035156,1213800
2015-09-08,59.52202606201172,81.47000122070312,81.5199966430664,81.41000366210938,81.5199966430664,1194600
2015-09-09,59.50741195678711,81.44999694824219,81.56999969482422,81.19999694824219,81.22000122070312,4265400
2015-09-10,59.383216857910156,81.27999877929688,81.43000030517578,81.27999877929688,81.43000030517578,1889000
2015-09-11,59.50741195678711,81.44999694824219,81.52999877929688,81.41999816894531,81.48999786376953,1411500
2015-09-14,59.52202606201172,81.47000122070312,81.55999755859375,81.44000244140625,81.55000305175781,905900
2015-09-15,59.27362060546875,81.12999725341797,81.4000015258789,81.05999755859375,81.38999938964844,1697300
2015-09-16,59.237091064453125,81.08000183105469,81.13999938964844,81.0,81.06999969482422,1579000
2015-09-17,59.573158264160156,81.54000091552734,81.54000091552734,81.0199966430664,81.04000091552734,1833200
2015-09-18,59.74120330810547,81.7699966430664,81.77999877929688,81.58999633789062,81.62999725341797,1639800
2015-09-21,59.52202606201172,81.47000122070312,81.66999816894531,81.41000366210938,81.62000274658203,933800
2015-09-22,59.63160705566406,81.62000274658203,81.77999877929688,81.58000183105469,81.5999984741211,1444000
2015-09-23,59.63160705566406,81.62000274658203,81.69999694824219,81.55000305175781,81.66000366210938,709000
2015-09-24,59.6535530090332,81.6500015258789,81.86000061035156,81.62999725341797,81.83999633789062,1454400
2015-09-25,59.54393768310547,81.5,81.62999725341797,81.5,81.5999984741211,1134000
2015-09-28,59.697357177734375,81.70999908447266,81.7699966430664,81.54000091552734,81.62999725341797,1305000
2015-09-29,59.74120330810547,81.7699966430664,81.87999725341797,81.69999694824219,81.72000122070312,1256600
2015-09-30,59.85809326171875,81.93000030517578,81.94000244140625,81.75,81.79000091552734,4432000
2015-10-01,59.890323638916016,81.80999755859375,81.95999908447266,81.80000305175781,81.88999938964844,2023700
2015-10-02,60.117244720458984,82.12000274658203,82.33999633789062,82.0,82.16999816894531,1770400
2015-10-05,59.882991790771484,81.80000305175781,82.0199966430664,81.80000305175781,82.0199966430664,4199900
2015-10-06,59.96353530883789,81.91000366210938,81.98999786376953,81.80000305175781,81.9000015258789,1925300
2015-10-07,59.96353530883789,81.91000366210938,81.97000122070312,81.80000305175781,81.87000274658203,1871000
2015-10-08,59.86832809448242,81.77999877929688,81.97000122070312,81.73999786376953,81.91999816894531,1118100
2015-10-09,59.86102294921875,81.7699966430664,81.83999633789062,81.68000030517578,81.68000030517578,1197400
2015-10-12,59.96353530883789,81.91000366210938,81.97000122070312,81.80000305175781,81.83999633789062,864100
2015-10-13,60.0001106262207,81.95999908447266,82.0,81.86000061035156,81.94000244140625,971700
2015-10-14,60.219764709472656,82.26000213623047,82.26000213623047,82.04000091552734,82.08000183105469,786300
2015-10-15,60.102630615234375,82.0999984741211,82.22000122070312,82.05999755859375,82.1500015258789,2264300
2015-10-16,60.08063507080078,82.06999969482422,82.1500015258789,82.04000091552734,82.05999755859375,1241200
2015-10-19,60.08063507080078,82.06999969482422,82.12000274658203,81.9800033569336,82.08000183105469,840100
2015-10-20,59.98550033569336,81.94000244140625,81.9800033569336,81.9000015258789,81.94000244140625,1348200
2015-10-21,60.095272064208984,82.08999633789062,82.18000030517578,82.02999877929688,82.08999633789062,943500
2015-10-22,60.19777297973633,82.2300033569336,82.29000091552734,82.08999633789062,82.08999633789062,1101300
2015-10-23,60.04402160644531,82.0199966430664,82.08000183105469,82.0,82.08000183105469,1367100
2015-10-26,60.10993957519531,82.11000061035156,82.19999694824219,82.11000061035156,82.13999938964844,1512200
2015-10-27,60.12455749511719,82.12999725341797,82.27999877929688,82.12999725341797,82.26000213623047,929400
2015-10-28,59.95621109008789,81.9000015258789,82.18000030517578,81.88999938964844,82.18000030517578,2617300
2015-10-29,59.743896484375,81.61000061035156,81.80000305175781,81.56999969482422,81.80000305175781,943200
2015-10-30,59.87568283081055,81.79000091552734,81.79000091552734,81.58999633789062,81.61000061035156,1474100
2015-11-02,59.75753402709961,81.45999908447266,81.54000091552734,81.41000366210938,81.44000244140625,2939200
2015-11-03,59.65486145019531,81.31999969482422,81.44000244140625,81.26000213623047,81.4000015258789,3997100
2015-11-04,59.69157028198242,81.37000274658203,81.44000244140625,81.2300033569336,81.38999938964844,3594400
2015-11-05,59.58149719238281,81.22000122070312,81.37000274658203,81.11000061035156,81.3499984741211,1715400
2015-11-06,59.34674835205078,80.9000015258789,81.0199966430664,80.83000183105469,80.9800033569336,1198700
2015-11-09,59.295406341552734,80.83000183105469,80.93000030517578,80.75,80.7699966430664,2358300
2015-11-10,59.36143493652344,80.91999816894531,81.04000091552734,80.83999633789062,80.93000030517578,1421000
2015-11-11,59.3687858581543,80.93000030517578,80.97000122070312,80.87000274658203,80.93000030517578,1303500
2015-11-12,59.37614440917969,80.94000244140625,81.05999755859375,80.94000244140625,81.04000091552734,1263900
2015-11-13,59.48612976074219,81.08999633789062,81.12000274658203,81.01000213623047,81.01000213623047,1583300
2015-11-16,59.48612976074219,81.08999633789062,81.19999694824219,81.05000305175781,81.12000274658203,949100
2015-11-17,59.55218505859375,81.18000030517578,81.23999786376953,80.95999908447266,81.02999877929688,1155900
2015-11-18,59.522804260253906,81.13999938964844,81.19000244140625,81.06999969482422,81.12999725341797,944100
2015-11-19,59.603538513183594,81.25,81.30000305175781,81.2300033569336,81.27999877929688,1085500
2015-11-20,59.588871002197266,81.2300033569336,81.31999969482422,81.19999694824219,81.31999969482422,1273800
2015-11-23,59.610904693603516,81.26000213623047,81.30999755859375,81.1500015258789,81.20999908447266,1647300
2015-11-24,59.63286209106445,81.29000091552734,81.3499984741211,81.25,81.29000091552734,1361900
2015-11-25,59.64018630981445,81.30000305175781,81.36000061035156,81.2699966430664,81.33000183105469,904600
2015-11-27,59.66952133178711,81.33999633789062,81.38999938964844,81.30999755859375,81.37000274658203,516000
2015-11-30,59.64018630981445,81.30000305175781,81.37999725341797,81.26000213623047,81.33000183105469,6285200
2015-12-01,59.865875244140625,81.44000244140625,81.44999694824219,81.13999938964844,81.16999816894531,1780200
2015-12-02,59.792362213134766,81.33999633789062,81.41000366210938,81.27999877929688,81.4000015258789,1413700
2015-12-03,59.32925796508789,80.70999908447266,81.1500015258789,80.68000030517578,81.1500015258789,2510600
2015-12-04,59.564476013183594,81.02999877929688,81.04000091552734,80.79000091552734,80.87000274658203,3815200
2015-12-07,59.66737747192383,81.16999816894531,81.29000091552734,81.04000091552734,81.05999755859375,1543300
2015-12-08,59.68208312988281,81.19000244140625,81.2699966430664,81.11000061035156,81.25,1687300
2015-12-09,59.66002655029297,81.16000366210938,81.26000213623047,80.97000122070312,81.11000061035156,2076900
2015-12-10,59.65266036987305,81.1500015258789,81.22000122070312,81.12999725341797,81.22000122070312,2004100
2015-12-11,59.81440734863281,81.37000274658203,81.41999816894531,81.2699966430664,81.37000274658203,1994400
2015-12-14,59.535091400146484,80.98999786376953,81.26000213623047,80.9800033569336,81.19999694824219,2974600
2015-12-15,59.46892547607422,80.9000015258789,80.95999908447266,80.81999969482422,80.87999725341797,1806300
2015-12-16,59.40275192260742,80.80999755859375,81.0,80.69000244140625,80.87000274658203,2332700
2015-12-17,59.5277099609375,80.9800033569336,81.0199966430664,80.88999938964844,80.91999816894531,2290500
2015-12-18,59.66002655029297,81.16000366210938,81.16999816894531,81.0199966430664,81.08999633789062,3211500
2015-12-21,59.59389114379883,81.06999969482422,81.2300033569336,81.04000091552734,81.19000244140625,3158300
2015-12-22,59.513038635253906,80.95999908447266,81.04000091552734,80.94000244140625,81.02999877929688,2348600
2015-12-23,59.520408630371094,80.73999786376953,80.73999786376953,80.58999633789062,80.62000274658203,2538600
2015-12-24,59.564632415771484,80.80000305175781,80.83000183105469,80.69999694824219,80.75,1361700
2015-12-28,59.564632415771484,80.80000305175781,80.87999725341797,80.70999908447266,80.70999908447266,1580600
2015-12-29,59.38032150268555,80.55000305175781,80.7300033569336,80.51000213623047,80.7300033569336,2586600
2015-12-30,59.41722106933594,80.5999984741211,80.6500015258789,80.47000122070312,80.52999877929688,2367200
2015-12-31,59.53516387939453,80.76000213623047,80.80999755859375,80.63999938964844,80.7300033569336,2419700
2016-01-04,59.505653381347656,80.72000122070312,80.93000030517578,80.69999694824219,80.79000091552734,2750500
2016-01-05,59.579383850097656,80.81999969482422,80.9000015258789,80.69999694824219,80.76000213623047,1513600
2016-01-06,59.844749450683594,81.18000030517578,81.18000030517578,80.9800033569336,81.02999877929688,2391100
2016-01-07,59.85212326049805,81.19000244140625,81.19999694824219,80.97000122070312,81.12000274658203,2792900
2016-01-08,59.925811767578125,81.29000091552734,81.31999969482422,81.0999984741211,81.13999938964844,1405100
2016-01-11,59.675235748291016,80.94999694824219,81.16000366210938,80.94999694824219,81.11000061035156,2146900
2016-01-12,59.830020904541016,81.16000366210938,81.33000183105469,81.0,81.08000183105469,1645300
2016-01-13,59.977455139160156,81.36000061035156,81.44999694824219,81.16000366210938,81.19999694824219,2887800
2016-01-14,59.903717041015625,81.26000213623047,81.47000122070312,81.22000122070312,81.33999633789062,4545800
2016-01-15,60.006935119628906,81.4000015258789,81.5199966430664,81.36000061035156,81.5,1773900
2016-01-19,59.93323516845703,81.30000305175781,81.4000015258789,81.2300033569336,81.4000015258789,3856700
2016-01-20,59.99953842163086,81.38999938964844,81.61000061035156,81.30000305175781,81.52999877929688,7796900
2016-01-21,59.962684631347656,81.33999633789062,81.55999755859375,81.33000183105469,81.52999877929688,3062600
2016-01-22,59.940608978271484,81.30999755859375,81.33000183105469,81.19999694824219,81.31999969482422,3004100
2016-01-25,59.940608978271484,81.30999755859375,81.43000030517578,81.30000305175781,81.4000015258789,2164700
2016-01-26,60.02906799316406,81.43000030517578,81.47000122070312,81.31999969482422,81.41000366210938,2659100
2016-01-27,60.02906799316406,81.43000030517578,81.5,81.25,81.3499984741211,1734400
2016-01-28,60.07325744628906,81.48999786376953,81.52999877929688,81.37000274658203,81.41000366210938,1487600
2016-01-29,60.25022506713867,81.7300033569336,81.80000305175781,81.6500015258789,81.76000213623047,3634300
2016-02-01,60.127567291259766,81.38999938964844,81.62999725341797,81.33000183105469,81.5199966430664,2255300
2016-02-02,60.334449768066406,81.66999816894531,81.72000122070312,81.58000183105469,81.66999816894531,2554600
2016-02-03,60.37873077392578,81.7300033569336,81.93000030517578,81.55999755859375,81.66000366210938,3238200
2016-02-04,60.423057556152344,81.79000091552734,81.86000061035156,81.69000244140625,81.73999786376953,1179000
2016-02-05,60.363975524902344,81.70999908447266,81.80000305175781,81.5999984741211,81.69999694824219,2360200
2016-02-08,60.62255096435547,82.05999755859375,82.13999938964844,81.8499984741211,81.91999816894531,2519500
2016-02-09,60.61513137817383,82.05000305175781,82.22000122070312,81.97000122070312,82.20999908447266,2354500
2016-02-10,60.74075698852539,82.22000122070312,82.2300033569336,81.91999816894531,82.0999984741211,2553900
2016-02-11,60.77766036987305,82.2699966430664,82.58000183105469,82.22000122070312,82.5,1887700
2016-02-12,60.57820129394531,82.0,82.19999694824219,81.88999938964844,82.16000366210938,1474600
2016-02-16,60.48957824707031,81.87999725341797,81.93000030517578,81.80000305175781,81.88999938964844,1488800
2016-02-17,60.47476577758789,81.86000061035156,81.87999725341797,81.66000366210938,81.80999755859375,2158200
2016-02-18,60.681636810302734,82.13999938964844,82.1500015258789,81.86000061035156,81.86000061035156,1819100
2016-02-19,60.600364685058594,82.02999877929688,82.1500015258789,82.0,82.05999755859375,1862600
2016-02-22,60.61513137817383,82.05000305175781,82.08999633789062,81.97000122070312,82.05000305175781,1596900
2016-02-23,60.652076721191406,82.0999984741211,82.2300033569336,81.9000015258789,81.94000244140625,2243700
2016-02-24,60.6963996887207,82.16000366210938,82.48999786376953,82.11000061035156,82.23999786376953,2434300
2016-02-25,60.78508377075195,82.27999877929688,82.38999938964844,82.2300033569336,82.23999786376953,2407600
2016-02-26,60.72596740722656,82.19999694824219,82.20999908447266,82.02999877929688,82.12000274658203,1628400
2016-02-29,60.76294708251953,82.25,82.31999969482422,82.12999725341797,82.12999725341797,1827800
2016-03-01,60.55936050415039,81.80999755859375,82.16999816894531,81.7300033569336,82.16999816894531,2546300
2016-03-02,60.52232360839844,81.76000213623047,81.80999755859375,81.6500015258789,81.75,2137300
2016-03-03,60.55194854736328,81.80000305175781,81.94000244140625,81.73999786376953,81.77999877929688,2750500
2016-03-04,60.52232360839844,81.76000213623047,81.87000274658203,81.6500015258789,81.8499984741211,1147700
2016-03-07,60.50755310058594,81.73999786376953,81.77999877929688,81.66999816894531,81.70999908447266,1303200
2016-03-08,60.70744323730469,82.01000213623047,82.12999725341797,82.0,82.06999969482422,1713100
2016-03-09,60.60377502441406,81.87000274658203,82.0,81.83999633789062,81.88999938964844,2010000
2016-03-10,60.57416915893555,81.83000183105469,82.0199966430664,81.76000213623047,81.95999908447266,1785600
2016-03-11,60.492706298828125,81.72000122070312,81.9000015258789,81.72000122070312,81.9000015258789,1422300
2016-03-14,60.6259765625,81.9000015258789,81.97000122070312,81.80000305175781,81.83000183105469,1534200
2016-03-15,60.56674575805664,81.81999969482422,82.01000213623047,81.79000091552734,81.9800033569336,1870200
2016-03-16,60.803627014160156,82.13999938964844,82.13999938964844,81.70999908447266,81.76000213623047,1402900
2016-03-17,60.93691635131836,82.31999969482422,82.33999633789062,82.18000030517578,82.20999908447266,1571000
2016-03-18,60.98872756958008,82.38999938964844,82.45999908447266,82.31999969482422,82.38999938964844,1219400
2016-03-21,60.8776741027832,82.23999786376953,82.30000305175781,82.20999908447266,82.30000305175781,1613600
2016-03-22,60.862831115722656,82.22000122070312,82.41999816894531,82.19000244140625,82.38999938964844,2150200
2016-03-23,60.99609375,82.4000015258789,82.41000366210938,82.2300033569336,82.2699966430664,1234500
2016-03-24,60.92206573486328,82.30000305175781,82.5199966430664,82.20999908447266,82.5199966430664,1752300
2016-03-28,60.95166778564453,82.33999633789062,82.44000244140625,82.27999877929688,82.29000091552734,2369600
2016-03-29,61.20336151123047,82.68000030517578,82.73999786376953,82.41999816894531,82.44999694824219,1841800
2016-03-30,61.1811408996582,82.6500015258789,82.73999786376953,82.54000091552734,82.62999725341797,1624300
2016-03-31,61.29958724975586,82.80999755859375,82.91999816894531,82.69000244140625,82.72000122070312,3037600
2016-04-01,61.36854553222656,82.7300033569336,82.79000091552734,82.52999877929688,82.6500015258789,3027400
2016-04-04,61.36854553222656,82.7300033569336,82.86000061035156,82.69999694824219,82.7699966430664,1452400
2016-04-05,61.4798469543457,82.87999725341797,82.98999786376953,82.87999725341797,82.95999908447266,2149200
2016-04-06,61.45015335083008,82.83999633789062,82.91999816894531,82.80000305175781,82.9000015258789,1833100
2016-04-07,61.65045166015625,83.11000061035156,83.1500015258789,83.0,83.08000183105469,1533400
2016-04-08,61.59857177734375,83.04000091552734,83.06999969482422,82.97000122070312,83.05999755859375,1402100
2016-04-11,61.591129302978516,83.02999877929688,83.06999969482422,82.93000030517578,82.98999786376953,1214400
2016-04-12,61.494720458984375,82.9000015258789,82.9800033569336,82.81999969482422,82.91999816894531,2388000
2016-04-13,61.53177261352539,82.94999694824219,83.0,82.80000305175781,82.87000274658203,1749400
2016-04-14,61.4798469543457,82.87999725341797,82.9800033569336,82.8499984741211,82.94999694824219,1617200
2016-04-15,61.62079620361328,83.06999969482422,83.13999938964844,82.95999908447266,82.98999786376953,1181000
2016-04-18,61.59857177734375,83.04000091552734,83.04000091552734,82.95999908447266,83.0199966430664,1395400
2016-04-19,61.63559341430664,83.08999633789062,83.08999633789062,82.94000244140625,83.04000091552734,1163600
2016-04-20,61.465023040771484,82.86000061035156,83.1500015258789,82.86000061035156,83.11000061035156,2388600
2016-04-21,61.39083480834961,82.76000213623047,82.86000061035156,82.68000030517578,82.80000305175781,1683900
2016-04-22,61.36854553222656,82.7300033569336,82.87999725341797,82.70999908447266,82.81999969482422,5115300
2016-04-25,61.29439926147461,82.62999725341797,82.7699966430664,82.62000274658203,82.72000122070312,2483300
2016-04-26,61.20535659790039,82.51000213623047,82.66999816894531,82.44000244140625,82.66999816894531,1689600
2016-04-27,61.39083480834961,82.76000213623047,82.80999755859375,82.55000305175781,82.61000061035156,1456400
2016-04-28,61.50210189819336,82.91000366210938,82.97000122070312,82.73999786376953,82.77999877929688,1625800
2016-04-29,61.54658508300781,82.97000122070312,82.9800033569336,82.81999969482422,82.87000274658203,2856900
2016-05-02,61.438106536865234,82.66000366210938,82.77999877929688,82.62999725341797,82.77999877929688,2443700
2016-05-03,61.6089973449707,82.88999938964844,82.95999908447266,82.83999633789062,82.94999694824219,1765500
2016-05-04,61.63131332397461,82.91999816894531,83.01000213623047,82.83000183105469,82.94000244140625,2868300
2016-05-05,61.74285125732422,83.06999969482422,83.0999984741211,82.87000274658203,82.95999908447266,1270700
2016-05-06,61.7131233215332,83.02999877929688,83.0999984741211,82.97000122070312,83.06999969482422,1520600
2016-05-09,61.75768280029297,83.08999633789062,83.13999938964844,83.02999877929688,83.11000061035156,1373200
2016-05-10,61.75768280029297,83.08999633789062,83.16000366210938,83.02999877929688,83.08999633789062,1889300
2016-05-11,61.772544860839844,83.11000061035156,83.26000213623047,83.06999969482422,83.13999938964844,2381000
2016-05-12,61.779998779296875,83.12000274658203,83.18000030517578,83.05999755859375,83.0999984741211,1653300
2016-05-13,61.84688186645508,83.20999908447266,83.23999786376953,83.08999633789062,83.16000366210938,1397400
2016-05-16,61.7131233215332,83.02999877929688,83.1500015258789,83.0199966430664,83.1500015258789,3132000
2016-05-17,61.668495178222656,82.97000122070312,83.12999725341797,82.94000244140625,83.12999725341797,1735900
2016-05-18,61.37862777709961,82.58000183105469,82.91999816894531,82.5199966430664,82.91999816894531,1685900
2016-05-19,61.44551086425781,82.66999816894531,82.69000244140625,82.58999633789062,82.62999725341797,1464000
2016-05-20,61.44551086425781,82.66999816894531,82.7699966430664,82.62000274658203,82.66000366210938,2044000
2016-05-23,61.46038055419922,82.69000244140625,82.7699966430664,82.62999725341797,82.7300033569336,1310700
2016-05-24,61.43064880371094,82.6500015258789,82.69999694824219,82.55999755859375,82.69000244140625,2656800
2016-05-25,61.40835189819336,82.62000274658203,82.69999694824219,82.58999633789062,82.66999816894531,1474800
2016-05-26,61.51244354248047,82.76000213623047,82.81999969482422,82.66999816894531,82.72000122070312,1571700
2016-05-27,61.49009323120117,82.7300033569336,82.80999755859375,82.6500015258789,82.80000305175781,2045600
2016-05-31,61.542144775390625,82.80000305175781,82.88999938964844,82.5999984741211,82.66000366210938,1361400
2016-06-01,61.563743591308594,82.66000366210938,82.77999877929688,82.5999984741211,82.73999786376953,1625600
2016-06-02,61.682899475097656,82.81999969482422,82.88999938964844,82.7300033569336,82.75,1503200
2016-06-03,62.0701789855957,83.33999633789062,83.37000274658203,83.16999816894531,83.22000122070312,1964500
2016-06-06,61.97336196899414,83.20999908447266,83.25,83.12999725341797,83.2300033569336,1603100
2016-06-07,61.980812072753906,83.22000122070312,83.30000305175781,83.19999694824219,83.27999877929688,1283100
2016-06-08,62.0553092956543,83.31999969482422,83.33000183105469,83.25,83.30000305175781,1374500
2016-06-09,62.11487579345703,83.4000015258789,83.47000122070312,83.37000274658203,83.47000122070312,1611200
2016-06-10,62.174468994140625,83.4800033569336,83.58000183105469,83.43000030517578,83.48999786376953,1575300
2016-06-13,62.18935012817383,83.5,83.58000183105469,83.4800033569336,83.55999755859375,1681500
2016-06-14,62.18190383911133,83.48999786376953,83.62000274658203,83.47000122070312,83.62000274658203,1524200
2016-06-15,62.323429107666016,83.68000030517578,83.75,83.54000091552734,83.55999755859375,1345100
2016-06-16,62.390445709228516,83.7699966430664,83.91000366210938,83.69000244140625,83.81999969482422,1111400
2016-06-17,62.301048278808594,83.6500015258789,83.73999786376953,83.58999633789062,83.70999908447266,1860800
2016-06-20,62.15956115722656,83.45999908447266,83.52999877929688,83.44000244140625,83.4800033569336,2347500
2016-06-21,62.07765197753906,83.3499984741211,83.5,83.33000183105469,83.4800033569336,1785100
2016-06-22,62.0999641418457,83.37999725341797,83.41999816894531,83.31999969482422,83.37999725341797,1337700
2016-06-23,61.98828125,83.2300033569336,83.37000274658203,83.22000122070312,83.2699966430664,1152800
2016-06-24,62.33833312988281,83.69999694824219,83.91999816894531,83.66999816894531,83.83999633789062,2030400
2016-06-27,62.6511344909668,84.12000274658203,84.16999816894531,84.01000213623047,84.16000366210938,2465500
2016-06-28,62.7255859375,84.22000122070312,84.25,84.12000274658203,84.25,2971800
2016-06-29,62.7032470703125,84.19000244140625,84.33000183105469,84.12999725341797,84.31999969482422,2425700
2016-06-30,62.78517532348633,84.30000305175781,84.41000366210938,84.19000244140625,84.20999908447266,3362300
2016-07-01,62.959781646728516,84.37000274658203,84.4800033569336,84.23999786376953,84.44000244140625,2531600
2016-07-05,63.17620849609375,84.66000366210938,84.70999908447266,84.48999786376953,84.5999984741211,3193800
2016-07-06,63.28811264038086,84.80999755859375,84.80999755859375,84.62999725341797,84.73999786376953,1936800
2016-07-07,63.18366241455078,84.66999816894531,84.7699966430664,84.58000183105469,84.66999816894531,2032500
2016-07-08,63.34783935546875,84.88999938964844,84.91999816894531,84.68000030517578,84.80000305175781,1748000
2016-07-11,63.1612663269043,84.63999938964844,84.83999633789062,84.61000061035156,84.80999755859375,2617100
2016-07-12,62.90757369995117,84.30000305175781,84.52999877929688,84.2300033569336,84.52999877929688,1775400
2016-07-13,63.01951217651367,84.44999694824219,84.52999877929688,84.43000030517578,84.51000213623047,1352500
2016-07-14,62.92247009277344,84.31999969482422,84.38999938964844,84.23999786376953,84.30000305175781,1621500
2016-07-15,62.72101974487305,84.05000305175781,84.26000213623047,84.0,84.26000213623047,2233900
2016-07-18,62.74340057373047,84.08000183105469,84.20999908447266,84.0,84.19999694824219,2155800
2016-07-19,62.84040451049805,84.20999908447266,84.2300033569336,84.11000061035156,84.16999816894531,1559600
2016-07-20,62.77324676513672,84.12000274658203,84.16000366210938,84.05000305175781,84.16000366210938,1688100
2016-07-21,62.847896575927734,84.22000122070312,84.2300033569336,83.94999694824219,84.05000305175781,2076000
2016-07-22,62.8553352355957,84.2300033569336,84.27999877929688,84.08999633789062,84.13999938964844,1612000
2016-07-25,62.81794738769531,84.18000030517578,84.27999877929688,84.13999938964844,84.2300033569336,1204600
2016-07-26,62.810585021972656,84.16999816894531,84.2699966430664,84.11000061035156,84.2699966430664,2385100
2016-07-27,62.99713134765625,84.41999816894531,84.41999816894531,84.19999694824219,84.22000122070312,1575400
2016-07-28,62.959781646728516,84.37000274658203,84.44999694824219,84.2699966430664,84.36000061035156,1418900
2016-07-29,63.1612663269043,84.63999938964844,84.63999938964844,84.44000244140625,84.48999786376953,2757900
2016-08-01,62.9631462097168,84.20999908447266,84.44000244140625,84.19999694824219,84.25,3705700
2016-08-02,62.90335464477539,84.12999725341797,84.25,84.05000305175781,84.18000030517578,4575700
2016-08-03,62.90335464477539,84.12999725341797,84.18000030517578,83.9800033569336,84.12999725341797,3472400
2016-08-04,63.01548767089844,84.27999877929688,84.37999725341797,84.23999786376953,84.2699966430664,1202000
2016-08-05,62.80613708496094,84.0,84.25,83.9800033569336,84.25,2018700
2016-08-08,62.81359100341797,84.01000213623047,84.06999969482422,83.87999725341797,83.95999908447266,1843100
2016-08-09,62.993045806884766,84.25,84.25,84.05000305175781,84.05999755859375,2262700
2016-08-10,63.07532501220703,84.36000061035156,84.38999938964844,84.25,84.30999755859375,1672200
2016-08-11,62.910823822021484,84.13999938964844,84.38999938964844,84.08000183105469,84.38999938964844,1760100
2016-08-12,63.052860260009766,84.33000183105469,84.47000122070312,84.30999755859375,84.41000366210938,1606000
2016-08-15,62.94821548461914,84.19000244140625,84.31999969482422,84.18000030517578,84.22000122070312,1942500
2016-08-16,62.91825485229492,84.1500015258789,84.2300033569336,84.11000061035156,84.22000122070312,2163100
2016-08-17,63.01548767089844,84.27999877929688,84.33999633789062,84.1500015258789,84.19000244140625,2024600
2016-08-18,63.08275604248047,84.37000274658203,84.41000366210938,84.23999786376953,84.31999969482422,1750900
2016-08-19,62.955650329589844,84.19999694824219,84.26000213623047,84.08000183105469,84.22000122070312,1995100
2016-08-22,63.045372009277344,84.31999969482422,84.3499984741211,84.2300033569336,84.29000091552734,1388100
2016-08-23,63.07532501220703,84.36000061035156,84.44999694824219,84.31999969482422,84.44000244140625,1668300
2016-08-24,63.067832946777344,84.3499984741211,84.44999694824219,84.31999969482422,84.43000030517578,2083300
2016-08-25,63.00054168701172,84.26000213623047,84.37999725341797,84.25,84.31999969482422,1737800
2016-08-26,62.843528747558594,84.05000305175781,84.48999786376953,84.05000305175781,84.37999725341797,2874500
2016-08-29,63.06034469604492,84.33999633789062,84.33999633789062,84.18000030517578,84.2300033569336,1446800
2016-08-30,63.00803756713867,84.2699966430664,84.36000061035156,84.2300033569336,84.36000061035156,4750700
2016-08-31,62.9631462097168,84.20999908447266,84.3499984741211,84.20999908447266,84.30000305175781,1911900
2016-09-01,63.05008316040039,84.16000366210938,84.19000244140625,83.9000015258789,83.9000015258789,3108600
2016-09-02,62.960140228271484,84.04000091552734,84.12999725341797,83.94000244140625,84.12999725341797,1797500
2016-09-06,63.14748764038086,84.29000091552734,84.3499984741211,84.0199966430664,84.0999984741211,4316100
2016-09-07,63.154945373535156,84.30000305175781,84.4000015258789,84.27999877929688,84.4000015258789,1849500
2016-09-08,62.91517639160156,83.9800033569336,84.20999908447266,83.87000274658203,84.16999816894531,3475600
2016-09-09,62.638004302978516,83.61000061035156,83.80999755859375,83.56999969482422,83.70999908447266,2888900
2016-09-12,62.660465240478516,83.63999938964844,83.68000030517578,83.51000213623047,83.55000305175781,3191000
2016-09-13,62.480648040771484,83.4000015258789,83.7699966430664,83.29000091552734,83.7699966430664,2669800
2016-09-14,62.563072204589844,83.51000213623047,83.5999984741211,83.4000015258789,83.41999816894531,2124500
2016-09-15,62.61555862426758,83.58000183105469,83.61000061035156,83.4000015258789,83.47000122070312,1817200
2016-09-16,62.667972564697266,83.6500015258789,83.69000244140625,83.55000305175781,83.6500015258789,1307800
2016-09-19,62.623008728027344,83.58999633789062,83.66999816894531,83.55999755859375,83.63999938964844,1558100
2016-09-20,62.638004302978516,83.61000061035156,83.76000213623047,83.61000061035156,83.66000366210938,1260900
2016-09-21,62.81781768798828,83.8499984741211,83.8499984741211,83.52999877929688,83.55000305175781,1979800
2016-09-22,62.945159912109375,84.0199966430664,84.0999984741211,83.91000366210938,83.94000244140625,1473900
2016-09-23,62.9301872253418,84.0,84.08000183105469,83.9800033569336,84.02999877929688,1441500
2016-09-26,63.03508377075195,84.13999938964844,84.16999816894531,84.05000305175781,84.08000183105469,1709200
2016-09-27,63.110023498535156,84.23999786376953,84.2699966430664,84.12999725341797,84.26000213623047,2458100
2016-09-28,63.110023498535156,84.23999786376953,84.30000305175781,84.18000030517578,84.23999786376953,2284600
2016-09-29,63.117462158203125,84.25,84.30999755859375,84.11000061035156,84.13999938964844,2886200
2016-09-30,63.03508377075195,84.13999938964844,84.27999877929688,84.0199966430664,84.25,1663600
2016-10-03,62.96826171875,83.88999938964844,84.01000213623047,83.83999633789062,83.94999694824219,1509200
2016-10-04,62.758094787597656,83.61000061035156,83.8499984741211,83.5999984741211,83.83999633789062,1815500
2016-10-05,62.65299987792969,83.47000122070312,83.66999816894531,83.44000244140625,83.66000366210938,2666100
2016-10-06,62.63048553466797,83.44000244140625,83.55999755859375,83.37999725341797,83.45999908447266,1148500
2016-10-07,62.68300247192383,83.51000213623047,83.52999877929688,83.30999755859375,83.5199966430664,1783300
2016-10-10,62.61548614501953,83.41999816894531,83.43000030517578,83.30999755859375,83.37999725341797,1425500
2016-10-11,62.51789093017578,83.29000091552734,83.43000030517578,83.27999877929688,83.37999725341797,1476700
2016-10-12,62.55546569824219,83.33999633789062,83.36000061035156,83.2300033569336,83.30000305175781,1286400
2016-10-13,62.63048553466797,83.44000244140625,83.54000091552734,83.43000030517578,83.5199966430664,1625500
2016-10-14,62.502906799316406,83.2699966430664,83.45999908447266,83.26000213623047,83.33999633789062,1379900
2016-10-17,62.637996673583984,83.44999694824219,83.47000122070312,83.27999877929688,83.33000183105469,1008900
2016-10-18,62.72053527832031,83.55999755859375,83.56999969482422,83.37000274658203,83.37999725341797,1167300
2016-10-19,62.765602111816406,83.62000274658203,83.62000274658203,83.5,83.51000213623047,1546400
2016-10-20,62.728111267089844,83.56999969482422,83.68000030517578,83.52999877929688,83.62999725341797,1283200
2016-10-21,62.780616760253906,83.63999938964844,83.6500015258789,83.52999877929688,83.5999984741211,1018800
2016-10-24,62.69054412841797,83.5199966430664,83.6500015258789,83.44999694824219,83.6500015258789,1453900
2016-10-25,62.69054412841797,83.5199966430664,83.5999984741211,83.45999908447266,83.4800033569336,1462100
2016-10-26,62.57793426513672,83.37000274658203,83.44999694824219,83.33999633789062,83.38999938964844,1144500
2016-10-27,62.405311584472656,83.13999938964844,83.19999694824219,83.0199966430664,83.16999816894531,1848200
2016-10-28,62.37527084350586,83.0999984741211,83.18000030517578,83.06999969482422,83.08999633789062,1574400
2016-10-31,62.44284439086914,83.19000244140625,83.25,83.13999938964844,83.20999908447266,1664700
2016-11-01,62.422550201416016,83.0,83.06999969482422,82.83000183105469,82.88999938964844,1623500
2016-11-02,62.48271179199219,83.08000183105469,83.19999694824219,83.0,83.05999755859375,3138400
2016-11-03,62.445106506347656,83.02999877929688,83.12999725341797,83.01000213623047,83.05999755859375,2335700
2016-11-04,62.557918548583984,83.18000030517578,83.23999786376953,83.08000183105469,83.08000183105469,1047000
2016-11-07,62.47521209716797,83.06999969482422,83.16000366210938,83.05999755859375,83.16000366210938,1290000
2016-11-08,62.362361907958984,82.91999816894531,83.12999725341797,82.9000015258789,83.12000274658203,2509100
2016-11-09,61.745704650878906,82.0999984741211,82.61000061035156,82.0199966430664,82.5,3448800
2016-11-10,61.48241424560547,81.75,82.0999984741211,81.73999786376953,81.98999786376953,2836000
2016-11-11,61.369625091552734,81.5999984741211,81.83000183105469,81.56999969482422,81.72000122070312,1580900
2016-11-14,61.136478424072266,81.29000091552734,81.5,81.20999908447266,81.44000244140625,2079400
2016-11-15,61.2192268371582,81.4000015258789,81.52999877929688,81.37000274658203,81.43000030517578,2098100
2016-11-16,61.34711456298828,81.56999969482422,81.58000183105469,81.41999816894531,81.47000122070312,1629100
2016-11-17,61.098880767822266,81.23999786376953,81.4800033569336,81.22000122070312,81.44000244140625,1762200
2016-11-18,60.94845199584961,81.04000091552734,81.3499984741211,81.0,81.27999877929688,1561600
2016-11-21,60.940940856933594,81.02999877929688,81.1500015258789,81.0,81.0999984741211,2074000
2016-11-22,60.99357986450195,81.0999984741211,81.22000122070312,81.06999969482422,81.19000244140625,1866900
2016-11-23,60.83562088012695,80.88999938964844,81.0,80.69999694824219,80.88999938964844,1642900
2016-11-25,60.85818862915039,80.91999816894531,80.98999786376953,80.81999969482422,80.91000366210938,942700
2016-11-28,61.0010986328125,81.11000061035156,81.13999938964844,81.0,81.01000213623047,1352600
2016-11-29,61.046207427978516,81.16999816894531,81.23999786376953,81.0,81.01000213623047,1583600
2016-11-30,60.83562088012695,80.88999938964844,81.04000091552734,80.80000305175781,80.93000030517578,2372200
2016-12-01,60.609596252441406,80.43000030517578,80.5199966430664,80.2699966430664,80.4800033569336,2998200
2016-12-02,60.82814025878906,80.72000122070312,80.87000274658203,80.61000061035156,80.62000274658203,1951400
2016-12-05,60.90346145629883,80.81999969482422,80.91000366210938,80.54000091552734,80.5999984741211,2479500
2016-12-06,60.89595031738281,80.80999755859375,80.87999725341797,80.7699966430664,80.8499984741211,2337800
2016-12-07,61.03911209106445,81.0,81.05999755859375,80.9000015258789,80.93000030517578,4273100
2016-12-08,60.91852951049805,80.83999633789062,80.9000015258789,80.77999877929688,80.88999938964844,2323000
2016-12-09,60.73772048950195,80.5999984741211,80.8499984741211,80.52999877929688,80.80000305175781,2697000
2016-12-12,60.669864654541016,80.51000213623047,80.58999633789062,80.43000030517578,80.5,3464800
2016-12-13,60.73772048950195,80.5999984741211,80.69999694824219,80.4800033569336,80.6500015258789,4372500
2016-12-14,60.428733825683594,80.19000244140625,80.77999877929688,80.18000030517578,80.76000213623047,2971300
2016-12-15,60.338294982910156,80.06999969482422,80.26000213623047,80.05999755859375,80.19999694824219,2651200
2016-12-16,60.39105987548828,80.13999938964844,80.2699966430664,80.02999877929688,80.1500015258789,3080100
2016-12-19,60.54930114746094,80.3499984741211,80.4000015258789,80.23999786376953,80.33999633789062,2936800
2016-12-20,60.55684280395508,80.36000061035156,80.37000274658203,80.19999694824219,80.2300033569336,5853400
2016-12-21,60.64725875854492,80.4800033569336,80.5,80.38999938964844,80.44000244140625,2752300
2016-12-22,60.605716705322266,80.22000122070312,80.27999877929688,80.16999816894531,80.16999816894531,2851500
2016-12-23,60.63594055175781,80.26000213623047,80.36000061035156,80.26000213623047,80.36000061035156,2096800
2016-12-27,60.59058380126953,80.19999694824219,80.19999694824219,80.12000274658203,80.12999725341797,2178300
2016-12-28,60.741703033447266,80.4000015258789,80.47000122070312,80.18000030517578,80.23999786376953,4097100
2016-12-29,60.907920837402344,80.62000274658203,80.6500015258789,80.4800033569336,80.54000091552734,3115800
2016-12-30,61.03633499145508,80.79000091552734,80.83000183105469,80.62000274658203,80.62999725341797,2338200
2017-01-03,61.043880462646484,80.80000305175781,80.83999633789062,80.5,80.55000305175781,3312600
2017-01-04,61.08921432495117,80.86000061035156,80.87999725341797,80.75,80.83999633789062,3095000
2017-01-05,61.398963928222656,81.2699966430664,81.27999877929688,80.9000015258789,80.9800033569336,3890400
2017-01-06,61.157203674316406,80.94999694824219,81.12999725341797,80.94999694824219,81.0999984741211,2287900
2017-01-09,61.30833435058594,81.1500015258789,81.18000030517578,81.08999633789062,81.16999816894531,1785900
2017-01-10,61.2932014465332,81.12999725341797,81.18000030517578,81.05999755859375,81.13999938964844,2250700
2017-01-11,61.32337951660156,81.16999816894531,81.43000030517578,81.05999755859375,81.13999938964844,2327600
2017-01-12,61.33852005004883,81.19000244140625,81.41999816894531,81.1500015258789,81.37000274658203,2981200
2017-01-13,61.24032974243164,81.05999755859375,81.1500015258789,80.91000366210938,81.12000274658203,2425000
2017-01-17,61.429161071777344,81.30999755859375,81.4000015258789,81.20999908447266,81.33999633789062,2188600
2017-01-18,61.11186981201172,80.88999938964844,81.20999908447266,80.87999725341797,81.20999908447266,1981700
2017-01-19,61.00612258911133,80.75,80.83999633789062,80.63999938964844,80.77999877929688,2121300
2017-01-20,61.05146026611328,80.80999755859375,80.8499984741211,80.62000274658203,80.66999816894531,1836300
2017-01-23,61.21766662597656,81.02999877929688,81.19000244140625,80.81999969482422,80.81999969482422,1490200
2017-01-24,61.12700271606445,80.91000366210938,81.05000305175781,80.81999969482422,80.97000122070312,2136000
2017-01-25,60.9456901550293,80.66999816894531,80.79000091552734,80.62000274658203,80.73999786376953,1897400
2017-01-26,60.96833419799805,80.69999694824219,80.7300033569336,80.5199966430664,80.62000274658203,2381600
2017-01-27,61.03633499145508,80.79000091552734,80.83999633789062,80.73999786376953,80.73999786376953,1768700
2017-01-30,61.02120590209961,80.7699966430664,80.88999938964844,80.75,80.77999877929688,2699500
2017-01-31,61.14969253540039,80.94000244140625,81.0199966430664,80.80000305175781,80.80000305175781,2857600
2017-02-01,61.04214859008789,80.62999725341797,80.75,80.5,80.55999755859375,2313400
2017-02-02,61.08001708984375,80.68000030517578,80.8499984741211,80.66999816894531,80.79000091552734,1745400
2017-02-03,61.09514617919922,80.69999694824219,80.94000244140625,80.61000061035156,80.86000061035156,2398900
2017-02-06,61.28440856933594,80.94999694824219,81.01000213623047,80.80000305175781,80.95999908447266,3238100
2017-02-07,61.38282775878906,81.08000183105469,81.1500015258789,80.9000015258789,80.95999908447266,5239300
2017-02-08,61.549381256103516,81.30000305175781,81.3499984741211,81.08000183105469,81.08000183105469,2172700
2017-02-09,61.38282775878906,81.08000183105469,81.22000122070312,81.02999877929688,81.13999938964844,3410400
2017-02-10,61.367713928222656,81.05999755859375,81.08999633789062,80.94000244140625,80.94999694824219,2011900
2017-02-13,61.299560546875,80.97000122070312,81.01000213623047,80.87999725341797,80.9800033569336,1863000
2017-02-14,61.17084884643555,80.80000305175781,80.97000122070312,80.66000366210938,80.94000244140625,2178300
2017-02-15,61.072444915771484,80.66999816894531,80.72000122070312,80.5999984741211,80.61000061035156,1503700
2017-02-16,61.185970306396484,80.81999969482422,80.94000244140625,80.7300033569336,80.73999786376953,3290700
2017-02-17,61.32982635498047,81.01000213623047,81.05000305175781,80.95999908447266,81.0,1520000
2017-02-21,61.322265625,81.0,81.08000183105469,80.9000015258789,80.94000244140625,1811300
2017-02-22,61.3601188659668,81.05000305175781,81.16999816894531,80.87999725341797,81.16999816894531,1965800
2017-02-23,61.47367477416992,81.19999694824219,81.19999694824219,81.12999725341797,81.16999816894531,1590500
2017-02-24,61.70077896118164,81.5,81.5199966430664,81.31999969482422,81.36000061035156,1703800
2017-02-27,61.57209014892578,81.33000183105469,81.47000122070312,81.29000091552734,81.45999908447266,2005600
2017-02-28,61.52665710449219,81.2699966430664,81.41000366210938,81.26000213623047,81.33000183105469,1975700
2017-03-01,61.27482604980469,80.77999877929688,80.80999755859375,80.70999908447266,80.77999877929688,2954300
2017-03-02,61.16106033325195,80.62999725341797,80.72000122070312,80.54000091552734,80.70999908447266,2077300
2017-03-03,61.20656204223633,80.69000244140625,80.69000244140625,80.52999877929688,80.63999938964844,2242600
2017-03-06,61.168609619140625,80.63999938964844,80.72000122070312,80.56999969482422,80.72000122070312,1880900
2017-03-07,61.05486297607422,80.48999786376953,80.62999725341797,80.48999786376953,80.5999984741211,1644800
2017-03-08,60.910728454589844,80.30000305175781,80.3499984741211,80.20999908447266,80.23999786376953,2172700
2017-03-09,60.721107482910156,80.05000305175781,80.18000030517578,80.0199966430664,80.16000366210938,2761300
2017-03-10,60.84248733520508,80.20999908447266,80.2300033569336,80.0999984741211,80.13999938964844,3430900
2017-03-13,60.721107482910156,80.05000305175781,80.20999908447266,80.02999877929688,80.12000274658203,2164600
2017-03-14,60.713504791259766,80.04000091552734,80.13999938964844,80.0199966430664,80.02999877929688,3620700
2017-03-15,61.0927848815918,80.54000091552734,80.55000305175781,80.12999725341797,80.16000366210938,2281200
2017-03-16,61.00174331665039,80.41999816894531,80.52999877929688,80.41000366210938,80.4800033569336,2617800
2017-03-17,61.12311935424805,80.58000183105469,80.61000061035156,80.47000122070312,80.47000122070312,1293000
2017-03-20,61.244468688964844,80.73999786376953,80.75,80.56999969482422,80.58999633789062,1510900
2017-03-21,61.38862609863281,80.93000030517578,80.93000030517578,80.66000366210938,80.69999694824219,2079000
2017-03-22,61.472049713134766,81.04000091552734,81.11000061035156,80.94999694824219,81.0,1339600
2017-03-23,61.44172668457031,81.0,81.0999984741211,80.88999938964844,81.06999969482422,1790300
2017-03-24,61.42656326293945,80.9800033569336,81.06999969482422,80.93000030517578,80.94000244140625,3736700
2017-03-27,61.55551528930664,81.1500015258789,81.22000122070312,81.08999633789062,81.19999694824219,1870300
2017-03-28,61.44172668457031,81.0,81.2300033569336,80.95999908447266,81.2300033569336,1990800
2017-03-29,61.5630989074707,81.16000366210938,81.16000366210938,81.02999877929688,81.05000305175781,1356800
2017-03-30,61.46450424194336,81.02999877929688,81.11000061035156,80.97000122070312,81.0999984741211,1403500
2017-03-31,61.50239562988281,81.08000183105469,81.0999984741211,81.01000213623047,81.01000213623047,2399400
2017-04-03,61.72587585449219,81.19999694824219,81.19999694824219,80.91000366210938,80.97000122070312,2142600
2017-04-04,61.6574821472168,81.11000061035156,81.18000030517578,81.08000183105469,81.18000030517578,1983200
2017-04-05,61.71071243286133,81.18000030517578,81.23999786376953,81.0199966430664,81.06999969482422,2050500
2017-04-06,61.733482360839844,81.20999908447266,81.2300033569336,81.05999755859375,81.18000030517578,1855300
2017-04-07,61.5966682434082,81.02999877929688,81.36000061035156,81.01000213623047,81.30000305175781,1608200
2017-04-10,61.6574821472168,81.11000061035156,81.19000244140625,81.06999969482422,81.12000274658203,1481700
2017-04-11,61.85514450073242,81.37000274658203,81.41000366210938,81.2300033569336,81.23999786376953,1340500
2017-04-12,61.99956512451172,81.55999755859375,81.55999755859375,81.33000183105469,81.36000061035156,1801600
2017-04-13,62.09077453613281,81.68000030517578,81.7300033569336,81.5199966430664,81.61000061035156,1393500
2017-04-17,62.052799224853516,81.62999725341797,81.7300033569336,81.54000091552734,81.69000244140625,1494600
2017-04-18,62.273189544677734,81.91999816894531,81.97000122070312,81.72000122070312,81.72000122070312,1782800
2017-04-19,62.15916061401367,81.7699966430664,81.83000183105469,81.72000122070312,81.83000183105469,1437000
2017-04-20,62.07555389404297,81.66000366210938,81.73999786376953,81.58000183105469,81.73999786376953,1425700
2017-04-21,62.09077453613281,81.68000030517578,81.79000091552734,81.66000366210938,81.7300033569336,1241700
2017-04-24,62.0072021484375,81.56999969482422,81.58999633789062,81.43000030517578,81.4800033569336,2665700
2017-04-25,61.81710433959961,81.31999969482422,81.45999908447266,81.2699966430664,81.41000366210938,1670900
2017-04-26,61.87793731689453,81.4000015258789,81.41999816894531,81.26000213623047,81.29000091552734,1876200
2017-04-27,61.92353439331055,81.45999908447266,81.52999877929688,81.37000274658203,81.41999816894531,1543100
2017-04-28,61.991943359375,81.55000305175781,81.58999633789062,81.36000061035156,81.4000015258789,2100000
2017-05-01,61.87616729736328,81.2300033569336,81.41000366210938,81.13999938964844,81.33999633789062,1478100
2017-05-02,61.982845306396484,81.37000274658203,81.37999725341797,81.19999694824219,81.23999786376953,1664300
2017-05-03,61.914215087890625,81.27999877929688,81.44999694824219,81.22000122070312,81.4000015258789,2948400
2017-05-04,61.84569549560547,81.19000244140625,81.19999694824219,81.08999633789062,81.13999938964844,1216100
2017-05-05,61.8837776184082,81.23999786376953,81.23999786376953,81.0999984741211,81.19999694824219,1658900
2017-05-08,61.77713394165039,81.0999984741211,81.20999908447266,81.05999755859375,81.19000244140625,1832300
2017-05-09,61.74665451049805,81.05999755859375,81.0999984741211,81.0,81.05000305175781,2532200
2017-05-10,61.73905563354492,81.05000305175781,81.19999694824219,81.01000213623047,81.13999938964844,1845500
2017-05-11,61.784759521484375,81.11000061035156,81.11000061035156,80.93000030517578,81.0,1421500
2017-05-12,61.96757507324219,81.3499984741211,81.37999725341797,81.25,81.29000091552734,1510300
2017-05-15,61.95235061645508,81.33000183105469,81.38999938964844,81.30000305175781,81.30000305175781,1823500
2017-05-16,62.013248443603516,81.41000366210938,81.51000213623047,81.36000061035156,81.36000061035156,1760600
2017-05-17,62.34843063354492,81.8499984741211,81.87000274658203,81.62999725341797,81.62999725341797,1987100
2017-05-18,62.29513168334961,81.77999877929688,81.88999938964844,81.73999786376953,81.87000274658203,1881800
2017-05-19,62.333213806152344,81.83000183105469,81.83000183105469,81.69999694824219,81.80999755859375,1394700
2017-05-22,62.279911041259766,81.76000213623047,81.80000305175781,81.73999786376953,81.80000305175781,1570700
2017-05-23,62.150390625,81.58999633789062,81.83999633789062,81.58000183105469,81.83999633789062,1679500
2017-05-24,62.279911041259766,81.76000213623047,81.7699966430664,81.58000183105469,81.62999725341797,1568700
2017-05-25,62.279911041259766,81.76000213623047,81.79000091552734,81.69000244140625,81.7699966430664,1108400
2017-05-26,62.310386657714844,81.80000305175781,81.80999755859375,81.7300033569336,81.7699966430664,952700
2017-05-30,62.40174865722656,81.91999816894531,81.91999816894531,81.81999969482422,81.87000274658203,1283300
2017-05-31,62.432254791259766,81.95999908447266,82.01000213623047,81.9000015258789,81.91999816894531,2290100
2017-06-01,62.449039459228516,81.80999755859375,81.81999969482422,81.69000244140625,81.70999908447266,1710900
2017-06-02,62.65513229370117,82.08000183105469,82.11000061035156,81.97000122070312,81.98999786376953,1795200
2017-06-05,62.5558967590332,81.94999694824219,82.01000213623047,81.93000030517578,81.9800033569336,1916200
2017-06-06,62.670406341552734,82.0999984741211,82.1500015258789,82.05000305175781,82.11000061035156,3262500
2017-06-07,62.58642578125,81.98999786376953,82.0999984741211,81.97000122070312,82.08000183105469,1743500
2017-06-08,62.54063415527344,81.93000030517578,81.97000122070312,81.80999755859375,81.97000122070312,1827800
2017-06-09,62.4871940612793,81.86000061035156,81.91000366210938,81.7699966430664,81.80000305175781,1404500
2017-06-12,62.471920013427734,81.83999633789062,81.94999694824219,81.7699966430664,81.79000091552734,2053900
2017-06-13,62.4871940612793,81.86000061035156,81.88999938964844,81.79000091552734,81.80999755859375,1515100
2017-06-14,62.716190338134766,82.16000366210938,82.33000183105469,82.08000183105469,82.20999908447266,2472800
2017-06-15,62.64748764038086,82.06999969482422,82.12999725341797,82.02999877929688,82.12999725341797,2063400
2017-06-16,62.716190338134766,82.16000366210938,82.16999816894531,82.06999969482422,82.08000183105469,1376200
2017-06-19,62.62460708618164,82.04000091552734,82.13999938964844,82.01000213623047,82.0999984741211,1776500
2017-06-20,62.716190338134766,82.16000366210938,82.20999908447266,82.08000183105469,82.11000061035156,1864100
2017-06-21,62.74671173095703,82.19999694824219,82.2300033569336,82.0999984741211,82.1500015258789,1249600
2017-06-22,62.769615173339844,82.2300033569336,82.2699966430664,82.16000366210938,82.23999786376953,1195100
2017-06-23,62.784889221191406,82.25,82.27999877929688,82.19000244140625,82.2300033569336,1356000
2017-06-26,62.853580474853516,82.33999633789062,82.38999938964844,82.30999755859375,82.3499984741211,4665500
2017-06-27,62.63983917236328,82.05999755859375,82.19000244140625,82.04000091552734,82.19000244140625,2374200
2017-06-28,62.63983917236328,82.05999755859375,82.0999984741211,81.94999694824219,82.08000183105469,1604300
2017-06-29,62.51011657714844,81.88999938964844,81.97000122070312,81.79000091552734,81.83999633789062,1548100
2017-06-30,62.46430587768555,81.83000183105469,81.9000015258789,81.76000213623047,81.87000274658203,1978100
2017-07-03,62.471187591552734,81.5,81.66999816894531,81.43000030517578,81.66000366210938,1092500
2017-07-05,62.50955581665039,81.55000305175781,81.58000183105469,81.44999694824219,81.48999786376953,1917100
2017-07-06,62.36387634277344,81.36000061035156,81.43000030517578,81.30000305175781,81.41000366210938,1827500
2017-07-07,62.34855651855469,81.33999633789062,81.38999938964844,81.30999755859375,81.36000061035156,2441500
2017-07-10,62.37922286987305,81.37999725341797,81.44999694824219,81.36000061035156,81.41000366210938,2228800
2017-07-11,62.440555572509766,81.45999908447266,81.5,81.37000274658203,81.41999816894531,1931500
2017-07-12,62.5861701965332,81.6500015258789,81.72000122070312,81.61000061035156,81.69999694824219,1378800
2017-07-13,62.563201904296875,81.62000274658203,81.6500015258789,81.5,81.63999938964844,1321400
2017-07-14,62.5861701965332,81.6500015258789,81.8499984741211,81.62999725341797,81.77999877929688,1201700
2017-07-17,62.670501708984375,81.76000213623047,81.79000091552734,81.66000366210938,81.72000122070312,1432500
2017-07-18,62.816097259521484,81.94999694824219,81.97000122070312,81.87000274658203,81.9000015258789,1607300
2017-07-19,62.823822021484375,81.95999908447266,82.0,81.93000030517578,81.97000122070312,1589100
2017-07-20,62.86210250854492,82.01000213623047,82.08999633789062,81.97000122070312,82.0199966430664,1646800
2017-07-21,62.93109130859375,82.0999984741211,82.16000366210938,82.05999755859375,82.05999755859375,1942000
2017-07-24,62.900447845458984,82.05999755859375,82.0999984741211,82.0,82.08999633789062,1417400
2017-07-25,62.662811279296875,81.75,81.91000366210938,81.73999786376953,81.9000015258789,1385000
2017-07-26,62.816097259521484,81.94999694824219,82.0,81.7300033569336,81.76000213623047,1583000
2017-07-27,62.73948669433594,81.8499984741211,81.9000015258789,81.79000091552734,81.8499984741211,1224000
2017-07-28,62.85448455810547,82.0,82.0,81.83999633789062,81.83999633789062,1867100
2017-07-31,62.846832275390625,81.98999786376953,82.0,81.91000366210938,81.95999908447266,2561600
2017-08-01,63.10232162475586,81.9800033569336,81.98999786376953,81.75,81.76000213623047,1783600
2017-08-02,63.063865661621094,81.93000030517578,82.02999877929688,81.93000030517578,81.97000122070312,1336600
2017-08-03,63.19469451904297,82.0999984741211,82.16000366210938,82.0,82.04000091552734,1904800
2017-08-04,63.09463119506836,81.97000122070312,82.01000213623047,81.8499984741211,82.01000213623047,1046700
2017-08-07,63.11774826049805,82.0,82.01000213623047,81.91000366210938,81.95999908447266,1257900
2017-08-08,63.033050537109375,81.88999938964844,81.98999786376953,81.83999633789062,81.98999786376953,1929000
2017-08-09,63.0792350769043,81.94999694824219,82.0999984741211,81.94999694824219,82.08999633789062,1808600
2017-08-10,63.171653747558594,82.06999969482422,82.08000183105469,81.94000244140625,81.9800033569336,1376700
2017-08-11,63.225486755371094,82.13999938964844,82.1500015258789,81.94999694824219,81.97000122070312,1153400
2017-08-14,63.1793212890625,82.08000183105469,82.13999938964844,82.02999877929688,82.08999633789062,2082000
2017-08-15,63.071563720703125,81.94000244140625,81.98999786376953,81.87999725341797,81.9000015258789,1419600
2017-08-16,63.16392135620117,82.05999755859375,82.12999725341797,81.88999938964844,81.91999816894531,1594800
2017-08-17,63.279380798339844,82.20999908447266,82.20999908447266,82.01000213623047,82.05000305175781,1723600
2017-08-18,63.24861145019531,82.16999816894531,82.30000305175781,82.0999984741211,82.26000213623047,1663100
2017-08-21,63.279380798339844,82.20999908447266,82.26000213623047,82.16999816894531,82.22000122070312,1258400
2017-08-22,63.202396392822266,82.11000061035156,82.19999694824219,82.0999984741211,82.19000244140625,1157400
2017-08-23,63.38715362548828,82.3499984741211,82.3499984741211,82.19999694824219,82.2300033569336,1237800
2017-08-24,63.294795989990234,82.2300033569336,82.31999969482422,82.20999908447266,82.2300033569336,1540200
2017-08-25,63.37177276611328,82.33000183105469,82.3499984741211,82.20999908447266,82.23999786376953,1453100
2017-08-28,63.402523040771484,82.37000274658203,82.38999938964844,82.27999877929688,82.33000183105469,1408700
2017-08-29,63.4718132019043,82.45999908447266,82.58000183105469,82.38999938964844,82.5199966430664,2054300
2017-08-30,63.464107513427734,82.44999694824219,82.45999908447266,82.38999938964844,82.44000244140625,1150700
2017-08-31,63.51799011230469,82.5199966430664,82.55999755859375,82.44999694824219,82.4800033569336,1696700
2017-09-01,63.41310119628906,82.20999908447266,82.33000183105469,82.1500015258789,82.30999755859375,1471200
2017-09-05,63.67538070678711,82.55000305175781,82.58999633789062,82.37999725341797,82.44999694824219,2008400
2017-09-06,63.567359924316406,82.41000366210938,82.62000274658203,82.4000015258789,82.58000183105469,1586500
2017-09-07,63.76788330078125,82.66999816894531,82.70999908447266,82.51000213623047,82.52999877929688,1899100
2017-09-08,63.6984977722168,82.58000183105469,82.66999816894531,82.55000305175781,82.66999816894531,2702200
2017-09-11,63.505653381347656,82.33000183105469,82.47000122070312,82.30000305175781,82.41999816894531,1423100
2017-09-12,63.41310119628906,82.20999908447266,82.31999969482422,82.1500015258789,82.26000213623047,1604300
2017-09-13,63.3359489440918,82.11000061035156,82.20999908447266,82.0999984741211,82.19000244140625,1594000
2017-09-14,63.374507904052734,82.16000366210938,82.18000030517578,82.08000183105469,82.08000183105469,1325200
2017-09-15,63.38226318359375,82.16999816894531,82.25,82.11000061035156,82.19999694824219,1536200
2017-09-18,63.3359489440918,82.11000061035156,82.13999938964844,82.04000091552734,82.12000274658203,1756300
2017-09-19,63.28965759277344,82.05000305175781,82.13999938964844,82.05000305175781,82.11000061035156,1220000
2017-09-20,63.23566436767578,81.9800033569336,82.13999938964844,81.88999938964844,82.12999725341797,1672500
2017-09-21,63.220279693603516,81.95999908447266,82.08999633789062,81.94000244140625,82.01000213623047,1168200
2017-09-22,63.2819709777832,82.04000091552734,82.12000274658203,82.01000213623047,82.11000061035156,1394100
2017-09-25,63.420841217041016,82.22000122070312,82.2300033569336,82.05000305175781,82.06999969482422,2626100
2017-09-26,63.38996505737305,82.18000030517578,82.18000030517578,82.08999633789062,82.16999816894531,1446500
2017-09-27,63.197113037109375,81.93000030517578,81.9800033569336,81.86000061035156,81.91999816894531,1511900
2017-09-28,63.2125244140625,81.94999694824219,81.94999694824219,81.80000305175781,81.8499984741211,1198400
2017-09-29,63.220279693603516,81.95999908447266,81.97000122070312,81.83000183105469,81.94999694824219,3001200
2017-10-02,63.19552230834961,81.76000213623047,81.80000305175781,81.69000244140625,81.75,3642600
2017-10-03,63.22645568847656,81.80000305175781,81.81999969482422,81.70999908447266,81.72000122070312,2752100
2017-10-04,63.22645568847656,81.80000305175781,81.87999725341797,81.73999786376953,81.87000274658203,2616700
2017-10-05,63.1800537109375,81.73999786376953,81.81999969482422,81.68000030517578,81.81999969482422,2859800
2017-10-06,63.11050796508789,81.6500015258789,81.72000122070312,81.5199966430664,81.58999633789062,1860000
2017-10-09,63.17234420776367,81.7300033569336,81.73999786376953,81.6500015258789,81.66000366210938,987800
2017-10-10,63.20325469970703,81.7699966430664,81.88999938964844,81.72000122070312,81.75,4719400
2017-10-11,63.234153747558594,81.80999755859375,81.83000183105469,81.76000213623047,81.77999877929688,1249500
2017-10-12,63.28827667236328,81.87999725341797,81.88999938964844,81.7699966430664,81.86000061035156,1723400
2017-10-13,63.41966247558594,82.05000305175781,82.05999755859375,81.93000030517578,82.01000213623047,1772800
2017-10-16,63.35784149169922,81.97000122070312,82.0199966430664,81.91000366210938,82.0,1471500
2017-10-17,63.36555862426758,81.9800033569336,82.0,81.88999938964844,81.9000015258789,1381100
2017-10-18,63.265113830566406,81.8499984741211,81.86000061035156,81.79000091552734,81.81999969482422,1522900
2017-10-19,63.29597473144531,81.88999938964844,82.01000213623047,81.8499984741211,81.91000366210938,1515800
2017-10-20,63.14139175415039,81.69000244140625,81.75,81.63999938964844,81.73999786376953,1935600
2017-10-23,63.19552230834961,81.76000213623047,81.81999969482422,81.7300033569336,81.7300033569336,2649700
2017-10-24,63.08731460571289,81.62000274658203,81.68000030517578,81.58999633789062,81.62999725341797,2287200
2017-10-25,63.03324508666992,81.55000305175781,81.55999755859375,81.45999908447266,81.51000213623047,1576700
2017-10-26,62.95590591430664,81.44999694824219,81.5999984741211,81.43000030517578,81.58999633789062,1915600
2017-10-27,63.095069885253906,81.62999725341797,81.62999725341797,81.4800033569336,81.5199966430664,1734400
2017-10-30,63.24190139770508,81.81999969482422,81.83999633789062,81.70999908447266,81.75,1542600
2017-10-31,63.20325469970703,81.7699966430664,81.8499984741211,81.7699966430664,81.83999633789062,1977100
2017-11-01,63.244300842285156,81.6500015258789,81.72000122070312,81.5199966430664,81.58999633789062,1596000
2017-11-02,63.3062744140625,81.7300033569336,81.80000305175781,81.69000244140625,81.7300033569336,2373200
2017-11-03,63.36050033569336,81.80000305175781,81.80000305175781,81.6500015258789,81.7699966430664,1370500
2017-11-06,63.40692901611328,81.86000061035156,81.88999938964844,81.80000305175781,81.86000061035156,1336700
2017-11-07,63.430179595947266,81.88999938964844,81.88999938964844,81.80000305175781,81.80999755859375,2450800
2017-11-08,63.38373947143555,81.83000183105469,81.9000015258789,81.80000305175781,81.86000061035156,2312700
2017-11-09,63.32172393798828,81.75,81.79000091552734,81.66999816894531,81.75,2115800
2017-11-10,63.06613540649414,81.41999816894531,81.55000305175781,81.41999816894531,81.52999877929688,1724400
2017-11-13,63.0738525390625,81.43000030517578,81.55000305175781,81.41999816894531,81.54000091552734,1698500
2017-11-14,63.1513557434082,81.52999877929688,81.52999877929688,81.44000244140625,81.47000122070312,1659300
2017-11-15,63.298519134521484,81.72000122070312,81.7300033569336,81.55000305175781,81.63999938964844,2859400
2017-11-16,63.21332550048828,81.61000061035156,81.69000244140625,81.56999969482422,81.62999725341797,1637000
2017-11-17,63.27527618408203,81.69000244140625,81.73999786376953,81.6500015258789,81.69000244140625,2257700
2017-11-20,63.236549377441406,81.63999938964844,81.69999694824219,81.5999984741211,81.6500015258789,1528300
2017-11-21,63.290771484375,81.70999908447266,81.79000091552734,81.61000061035156,81.7300033569336,1925700
2017-11-22,63.42245101928711,81.87999725341797,81.88999938964844,81.72000122070312,81.7300033569336,1631900
2017-11-24,63.40692901611328,81.86000061035156,81.87999725341797,81.80999755859375,81.83999633789062,837000
2017-11-27,63.38373947143555,81.83000183105469,81.88999938964844,81.79000091552734,81.87000274658203,1516900
2017-11-28,63.38373947143555,81.83000183105469,81.94999694824219,81.83000183105469,81.9000015258789,1846700
2017-11-29,63.228858947753906,81.62999725341797,81.69000244140625,81.5999984741211,81.6500015258789,1837400
2017-11-30,63.13584518432617,81.51000213623047,81.68000030517578,81.45999908447266,81.66000366210938,3044100
2017-12-01,63.305084228515625,81.55999755859375,81.80999755859375,81.3499984741211,81.5,2384800
2017-12-04,63.31281280517578,81.56999969482422,81.58000183105469,81.45999908447266,81.51000213623047,1834000
2017-12-05,63.39042663574219,81.66999816894531,81.68000030517578,81.51000213623047,81.58999633789062,1763900
2017-12-06,63.46030807495117,81.76000213623047,81.8499984741211,81.73999786376953,81.75,1509300
2017-12-07,63.37493896484375,81.6500015258789,81.80000305175781,81.56999969482422,81.6500015258789,1641000
2017-12-08,63.351654052734375,81.62000274658203,81.68000030517578,81.56999969482422,81.61000061035156,1368300
2017-12-11,63.305084228515625,81.55999755859375,81.69999694824219,81.54000091552734,81.66000366210938,1780800
2017-12-12,63.297359466552734,81.55000305175781,81.55000305175781,81.45999908447266,81.54000091552734,2962800
2017-12-13,63.475833892822266,81.77999877929688,81.8499984741211,81.55999755859375,81.62000274658203,2095400
2017-12-14,63.49910354614258,81.80999755859375,81.81999969482422,81.62000274658203,81.66999816894531,1998800
2017-12-15,63.50687789916992,81.81999969482422,81.83000183105469,81.66999816894531,81.76000213623047,2781800
2017-12-18,63.40596389770508,81.69000244140625,81.79000091552734,81.6500015258789,81.79000091552734,1946900
2017-12-19,63.211936950683594,81.44000244140625,81.56999969482422,81.36000061035156,81.56999969482422,3307700
2017-12-20,63.0877571105957,81.27999877929688,81.37000274658203,81.25,81.27999877929688,2325500
2017-12-21,63.12654113769531,81.33000183105469,81.37999725341797,81.2699966430664,81.30999755859375,3103400
2017-12-22,63.15760803222656,81.37000274658203,81.4000015258789,81.31999969482422,81.33999633789062,2566700
2017-12-26,63.22059631347656,81.23999786376953,81.27999877929688,81.16999816894531,81.2300033569336,1696400
2017-12-27,63.41521453857422,81.48999786376953,81.5199966430664,81.23999786376953,81.33000183105469,1708000
2017-12-28,63.376304626464844,81.44000244140625,81.47000122070312,81.37999725341797,81.45999908447266,2235000
2017-12-29,63.47747039794922,81.56999969482422,81.56999969482422,81.45999908447266,81.5,2531500
2018-01-02,63.2984504699707,81.33999633789062,81.5,81.22000122070312,81.44999694824219,3104500
2018-01-03,63.3529052734375,81.41000366210938,81.43000030517578,81.29000091552734,81.43000030517578,2216700
2018-01-04,63.32177734375,81.37000274658203,81.37000274658203,81.25,81.33000183105469,2152400
2018-01-05,63.2361946105957,81.26000213623047,81.36000061035156,81.19999694824219,81.3499984741211,4257400
2018-01-08,63.24395751953125,81.2699966430664,81.33000183105469,81.20999908447266,81.33000183105469,2587300
2018-01-09,63.05717849731445,81.02999877929688,81.2300033569336,81.01000213623047,81.19000244140625,2725200
2018-01-10,63.06498718261719,81.04000091552734,81.05000305175781,80.81999969482422,80.87999725341797,3411400
2018-01-11,63.06498718261719,81.04000091552734,81.12000274658203,80.95999908447266,81.01000213623047,3381600
2018-01-12,63.05717849731445,81.02999877929688,81.12000274658203,80.94000244140625,81.0,2829100
2018-01-16,63.1038818359375,81.08999633789062,81.19000244140625,81.02999877929688,81.1500015258789,4300500
2018-01-17,63.03388214111328,81.0,81.12000274658203,80.9800033569336,81.04000091552734,3674600
2018-01-18,62.909366607666016,80.83999633789062,80.9000015258789,80.80000305175781,80.81999969482422,2528400
2018-01-19,62.77706527709961,80.66999816894531,80.80000305175781,80.6500015258789,80.7699966430664,2148300
2018-01-22,62.7303581237793,80.61000061035156,80.76000213623047,80.61000061035156,80.7300033569336,5473200
2018-01-23,62.893768310546875,80.81999969482422,80.86000061035156,80.72000122070312,80.77999877929688,2442900
2018-01-24,62.823814392089844,80.7300033569336,80.75,80.62999725341797,80.72000122070312,1709700
2018-01-25,62.994956970214844,80.94999694824219,80.95999908447266,80.66000366210938,80.7300033569336,2537700
2018-01-26,62.87820816040039,80.80000305175781,80.87000274658203,80.72000122070312,80.86000061035156,1590200
2018-01-29,62.792633056640625,80.69000244140625,80.7300033569336,80.54000091552734,80.66000366210938,2219700
2018-01-30,62.67587661743164,80.54000091552734,80.62000274658203,80.48999786376953,80.56999969482422,2735100
2018-01-31,62.69145202636719,80.55999755859375,80.70999908447266,80.43000030517578,80.70999908447266,3082600
2018-02-01,62.51754379272461,80.16000366210938,80.41000366210938,80.13999938964844,80.37000274658203,2814300
2018-02-02,62.33032989501953,79.91999816894531,80.11000061035156,79.87000274658203,80.04000091552734,3137600
2018-02-05,62.60335922241211,80.2699966430664,80.43000030517578,79.80000305175781,79.87000274658203,4349200
2018-02-06,62.40053939819336,80.01000213623047,80.25,80.01000213623047,80.2300033569336,3891500
2018-02-07,62.26017761230469,79.83000183105469,80.11000061035156,79.80000305175781,80.11000061035156,3797200
2018-02-08,62.213375091552734,79.7699966430664,79.87999725341797,79.62000274658203,79.69999694824219,4639800
2018-02-09,62.05735397338867,79.56999969482422,79.81999969482422,79.55000305175781,79.61000061035156,3725500
2018-02-12,62.07297134399414,79.58999633789062,79.73999786376953,79.55000305175781,79.68000030517578,5336200
2018-02-13,62.127620697021484,79.66000366210938,79.68000030517578,79.52999877929688,79.62000274658203,2669400
2018-02-14,61.9248046875,79.4000015258789,79.54000091552734,79.3499984741211,79.5,3509700
2018-02-15,61.98719024658203,79.4800033569336,79.5999984741211,79.44999694824219,79.47000122070312,1981200
2018-02-16,62.11975860595703,79.6500015258789,79.72000122070312,79.58999633789062,79.68000030517578,1957800
2018-02-20,62.05735397338867,79.56999969482422,79.58999633789062,79.44000244140625,79.58999633789062,2294300
2018-02-21,61.823429107666016,79.2699966430664,79.58999633789062,79.2300033569336,79.55999755859375,2330100
2018-02-22,61.90144729614258,79.37000274658203,79.45999908447266,79.33000183105469,79.36000061035156,2156000
2018-02-23,62.06520080566406,79.58000183105469,79.62000274658203,79.4800033569336,79.48999786376953,1660600
2018-02-26,62.09638977050781,79.62000274658203,79.7699966430664,79.61000061035156,79.69999694824219,2715300
2018-02-27,61.96377182006836,79.44999694824219,79.66000366210938,79.33999633789062,79.62999725341797,3007200
2018-02-28,62.04182434082031,79.55000305175781,79.55999755859375,79.45999908447266,79.47000122070312,1947700
2018-03-01,62.14729690551758,79.5199966430664,79.58999633789062,79.33000183105469,79.41999816894531,2877400
2018-03-02,62.03007507324219,79.37000274658203,79.44999694824219,79.27999877929688,79.37999725341797,4448000
2018-03-05,61.99100875854492,79.31999969482422,79.5,79.26000213623047,79.45999908447266,2229100
2018-03-06,62.014427185058594,79.3499984741211,79.47000122070312,79.33999633789062,79.37999725341797,1905000
2018-03-07,61.998836517333984,79.33000183105469,79.5,79.30000305175781,79.44000244140625,2167700
2018-03-08,62.06910705566406,79.41999816894531,79.48999786376953,79.36000061035156,79.36000061035156,1479700
2018-03-09,61.99100875854492,79.31999969482422,79.36000061035156,79.2300033569336,79.27999877929688,2290800
2018-03-12,62.05351257324219,79.4000015258789,79.41000366210938,79.30000305175781,79.33000183105469,2253900
2018-03-13,62.06910705566406,79.41999816894531,79.4800033569336,79.37000274658203,79.44000244140625,2471700
2018-03-14,62.20198440551758,79.58999633789062,79.6500015258789,79.4000015258789,79.4000015258789,1733800
2018-03-15,62.20984649658203,79.5999984741211,79.62999725341797,79.5,79.54000091552734,1590100
2018-03-16,62.15509796142578,79.52999877929688,79.55999755859375,79.47000122070312,79.51000213623047,1492000
2018-03-19,62.10820007324219,79.47000122070312,79.55999755859375,79.41999816894531,79.44999694824219,1328100
2018-03-20,62.03007507324219,79.37000274658203,79.4000015258789,79.31999969482422,79.3499984741211,2234600
2018-03-21,62.03007507324219,79.37000274658203,79.41999816894531,79.13999938964844,79.29000091552734,1760300
2018-03-22,62.131675720214844,79.5,79.6500015258789,79.43000030517578,79.54000091552734,2871700
2018-03-23,62.14729690551758,79.5199966430664,79.55000305175781,79.43000030517578,79.5,2114500
2018-03-26,62.10820007324219,79.47000122070312,79.56999969482422,79.44999694824219,79.5,2303700
2018-03-27,62.319244384765625,79.73999786376953,79.77999877929688,79.51000213623047,79.51000213623047,1693500
2018-03-28,62.3114128112793,79.7300033569336,79.87000274658203,79.69000244140625,79.83000183105469,3251800
2018-03-29,62.46773147583008,79.93000030517578,79.94999694824219,79.76000213623047,79.76000213623047,2157300
2018-04-02,62.459922790527344,79.72000122070312,79.77999877929688,79.58999633789062,79.62999725341797,2336700
2018-04-03,62.389347076416016,79.62999725341797,79.69000244140625,79.55000305175781,79.68000030517578,2580800
2018-04-04,62.389347076416016,79.62999725341797,79.69999694824219,79.58000183105469,79.69999694824219,2226300
2018-04-05,62.30317687988281,79.5199966430664,79.55999755859375,79.45999908447266,79.55999755859375,1978300
2018-04-06,62.459922790527344,79.72000122070312,79.73999786376953,79.5999984741211,79.68000030517578,2155900
2018-04-09,62.5225944519043,79.80000305175781,79.80000305175781,79.58999633789062,79.66000366210938,2052000
2018-04-10,62.41290283203125,79.66000366210938,79.76000213623047,79.62999725341797,79.69999694824219,1854600
2018-04-11,62.459922790527344,79.72000122070312,79.80000305175781,79.66999816894531,79.75,1645200
2018-04-12,62.342342376708984,79.56999969482422,79.69999694824219,79.55000305175781,79.66000366210938,1397700
2018-04-13,62.389347076416016,79.62999725341797,79.63999938964844,79.5199966430664,79.54000091552734,1461800
2018-04-16,62.397212982177734,79.63999938964844,79.63999938964844,79.5,79.5,1939600
2018-04-17,62.420711517333984,79.66999816894531,79.68000030517578,79.58999633789062,79.63999938964844,1588500
2018-04-18,62.216976165771484,79.41000366210938,79.61000061035156,79.37999725341797,79.61000061035156,1721200
2018-04-19,62.068138122558594,79.22000122070312,79.30000305175781,79.16000366210938,79.30000305175781,1602300
2018-04-20,61.91144561767578,79.0199966430664,79.19999694824219,79.0199966430664,79.19999694824219,1576600
2018-04-23,61.880123138427734,78.9800033569336,79.0199966430664,78.93000030517578,78.98999786376953,2263300
2018-04-24,61.77042007446289,78.83999633789062,78.94000244140625,78.81999969482422,78.91999816894531,2664000
2018-04-25,61.684234619140625,78.7300033569336,78.80000305175781,78.69000244140625,78.76000213623047,2201300
2018-04-26,61.80960464477539,78.88999938964844,78.93000030517578,78.83999633789062,78.8499984741211,3297100
2018-04-27,61.90361404418945,79.01000213623047,79.04000091552734,78.94000244140625,78.94000244140625,1407300
2018-04-30,61.93498229980469,79.05000305175781,79.0999984741211,79.01000213623047,79.02999877929688,1602900
2018-05-01,61.839141845703125,78.75,78.87000274658203,78.7300033569336,78.86000061035156,1410700
2018-05-02,61.847015380859375,78.76000213623047,78.86000061035156,78.7300033569336,78.81999969482422,1434000
2018-05-03,61.901973724365234,78.83000183105469,78.94999694824219,78.81999969482422,78.9000015258789,1477700
2018-05-04,61.94124984741211,78.87999725341797,78.94999694824219,78.77999877929688,78.91999816894531,1342100
2018-05-07,61.909812927246094,78.83999633789062,78.9000015258789,78.80999755859375,78.88999938964844,1634400
2018-05-08,61.862674713134766,78.77999877929688,78.83000183105469,78.69999694824219,78.76000213623047,1380900
2018-05-09,61.79204177856445,78.69000244140625,78.75,78.6500015258789,78.68000030517578,2260900
2018-05-10,61.91767120361328,78.8499984741211,78.87999725341797,78.77999877929688,78.83999633789062,1695500
2018-05-11,61.980506896972656,78.93000030517578,78.94000244140625,78.83000183105469,78.93000030517578,1457800
2018-05-14,61.901973724365234,78.83000183105469,78.88999938964844,78.81999969482422,78.8499984741211,1519500
2018-05-15,61.61143112182617,78.45999908447266,78.61000061035156,78.37000274658203,78.61000061035156,1602600
2018-05-16,61.56435775756836,78.4000015258789,78.52999877929688,78.38999938964844,78.48999786376953,2201300
2018-05-17,61.50932312011719,78.33000183105469,78.41999816894531,78.30000305175781,78.4000015258789,2036000
2018-05-18,61.67422866821289,78.54000091552734,78.54000091552734,78.41999816894531,78.41999816894531,1539700
2018-05-21,61.67422866821289,78.54000091552734,78.55999755859375,78.44999694824219,78.4800033569336,1254900
2018-05-22,61.68993377685547,78.55999755859375,78.5999984741211,78.5,78.58000183105469,2225800
2018-05-23,61.878421783447266,78.80000305175781,78.80999755859375,78.66000366210938,78.66999816894531,1177200
2018-05-24,62.00404357910156,78.95999908447266,79.0199966430664,78.88999938964844,78.88999938964844,1209400
2018-05-25,62.13753128051758,79.12999725341797,79.1500015258789,79.05000305175781,79.05999755859375,1039500
2018-05-29,62.5694580078125,79.68000030517578,79.77999877929688,79.26000213623047,79.27999877929688,2414400
2018-05-30,62.381011962890625,79.44000244140625,79.55000305175781,79.31999969482422,79.38999938964844,3549700
2018-05-31,62.35740280151367,79.41000366210938,79.52999877929688,79.31999969482422,79.41999816894531,4272100
2018-06-01,62.39607238769531,79.08999633789062,79.12999725341797,78.94999694824219,79.02999877929688,3442400
2018-06-04,62.26193618774414,78.91999816894531,79.05999755859375,78.91000366210938,79.05999755859375,2272100
2018-06-05,62.317195892333984,78.98999786376953,79.05000305175781,78.91999816894531,79.0,2760500
2018-06-06,62.14360809326172,78.7699966430664,78.8499984741211,78.69000244140625,78.8499984741211,2624600
2018-06-07,62.301414489746094,78.97000122070312,79.11000061035156,78.73999786376953,78.75,3290700
2018-06-08,62.222503662109375,78.87000274658203,78.94999694824219,78.8499984741211,78.91000366210938,1977000
2018-06-11,62.16728973388672,78.80000305175781,78.83000183105469,78.73999786376953,78.77999877929688,1725200
2018-06-12,62.159423828125,78.79000091552734,78.81999969482422,78.70999908447266,78.70999908447266,1850400
2018-06-13,62.119937896728516,78.73999786376953,78.86000061035156,78.58000183105469,78.79000091552734,1542800
2018-06-14,62.25404739379883,78.91000366210938,78.91999816894531,78.81999969482422,78.87999725341797,3920100
2018-06-15,62.26193618774414,78.91999816894531,79.0999984741211,78.91999816894531,79.05000305175781,1827800
2018-06-18,62.26193618774414,78.91999816894531,78.95999908447266,78.86000061035156,78.95999908447266,3510300
2018-06-19,62.36455535888672,79.05000305175781,79.0999984741211,79.01000213623047,79.04000091552734,2767100
2018-06-20,62.222503662109375,78.87000274658203,79.05000305175781,78.86000061035156,79.05000305175781,2102200
2018-06-21,62.25404739379883,78.91000366210938,79.0,78.87999725341797,78.93000030517578,2695400
2018-06-22,62.29350662231445,78.95999908447266,78.9800033569336,78.88999938964844,78.91999816894531,1509900
2018-06-25,62.2856330871582,78.94999694824219,79.05999755859375,78.94000244140625,79.0,4554800
2018-06-26,62.388187408447266,79.08000183105469,79.08000183105469,78.98999786376953,79.0,1670800
2018-06-27,62.538082122802734,79.2699966430664,79.29000091552734,79.18000030517578,79.18000030517578,1762700
2018-06-28,62.490726470947266,79.20999908447266,79.2699966430664,79.18000030517578,79.23999786376953,1266500
2018-06-29,62.474971771240234,79.19000244140625,79.30000305175781,79.18000030517578,79.23999786376953,1419000
2018-07-02,62.43622970581055,78.95999908447266,79.06999969482422,78.91999816894531,79.02999877929688,1800600
2018-07-03,62.562744140625,79.12000274658203,79.12999725341797,78.95999908447266,78.95999908447266,1121900
2018-07-05,62.64970016479492,79.2300033569336,79.23999786376953,79.0999984741211,79.12999725341797,1991900
2018-07-06,62.72089767456055,79.31999969482422,79.33999633789062,79.25,79.31999969482422,1331800
2018-07-09,62.66551971435547,79.25,79.2699966430664,79.19999694824219,79.22000122070312,1556600
2018-07-10,62.62601089477539,79.19999694824219,79.25,79.16000366210938,79.19000244140625,1661500
2018-07-11,62.65763473510742,79.23999786376953,79.25,79.16000366210938,79.2300033569336,3750100
2018-07-12,62.70507049560547,79.30000305175781,79.31999969482422,79.19999694824219,79.20999908447266,1807800
2018-07-13,62.76045608520508,79.37000274658203,79.37999725341797,79.31999969482422,79.33000183105469,4071900
2018-07-16,62.673423767089844,79.26000213623047,79.31999969482422,79.1500015258789,79.2699966430664,1688000
2018-07-17,62.64970016479492,79.2300033569336,79.30000305175781,79.22000122070312,79.2300033569336,2432200
2018-07-18,62.61812210083008,79.19000244140625,79.27999877929688,79.18000030517578,79.23999786376953,2182900
2018-07-19,62.7367057800293,79.33999633789062,79.37000274658203,79.12000274658203,79.18000030517578,1990100
2018-07-20,62.59435272216797,79.16000366210938,79.29000091552734,79.12000274658203,79.29000091552734,1607800
2018-07-23,62.396671295166016,78.91000366210938,79.12999725341797,78.87000274658203,79.11000061035156,1427200
2018-07-24,62.49158477783203,79.02999877929688,79.05000305175781,78.9000015258789,78.95999908447266,1811100
2018-07-25,62.49158477783203,79.02999877929688,79.12000274658203,78.95999908447266,79.05000305175781,2075200
2018-07-26,62.49158477783203,79.02999877929688,79.02999877929688,79.02999877929688,79.02999877929688,0
2018-07-27,62.475791931152344,79.01000213623047,79.08999633789062,79.0,79.05000305175781,1376600
2018-07-30,62.40458297729492,78.91999816894531,79.0,78.91999816894531,78.94000244140625,2115400
2018-07-31,62.45204544067383,78.9800033569336,79.08000183105469,78.91999816894531,79.0199966430664,3328200
2018-08-01,62.41794967651367,78.75,78.77999877929688,78.6500015258789,78.75,3168600
2018-08-02,62.44967269897461,78.79000091552734,78.80999755859375,78.72000122070312,78.80000305175781,2817700
2018-08-03,62.58440017700195,78.95999908447266,78.98999786376953,78.86000061035156,78.9000015258789,2711600
2018-08-06,62.63990783691406,79.02999877929688,79.12000274658203,79.01000213623047,79.06999969482422,2083800
2018-08-07,62.528926849365234,78.88999938964844,78.9800033569336,78.87000274658203,78.97000122070312,1886900
2018-08-08,62.51308059692383,78.87000274658203,78.91000366210938,78.83999633789062,78.88999938964844,2101300
2018-08-09,62.631935119628906,79.0199966430664,79.0199966430664,78.91999816894531,78.94000244140625,2603800
2018-08-10,62.758766174316406,79.18000030517578,79.25,79.0199966430664,79.0199966430664,2414900
2018-08-13,62.7667121887207,79.19000244140625,79.20999908447266,79.0999984741211,79.16999816894531,3315700
2018-08-14,62.72707748413086,79.13999938964844,79.25,79.12999725341797,79.20999908447266,2692700
2018-08-15,62.798370361328125,79.2300033569336,79.30000305175781,79.19999694824219,79.20999908447266,3051300
2018-08-16,62.830116271972656,79.2699966430664,79.30000305175781,79.19000244140625,79.2699966430664,2226900
2018-08-17,62.90144348144531,79.36000061035156,79.41000366210938,79.30000305175781,79.33000183105469,1018100
2018-08-20,62.980716705322266,79.45999908447266,79.5199966430664,79.43000030517578,79.43000030517578,2473200
2018-08-21,62.94900131225586,79.41999816894531,79.43000030517578,79.36000061035156,79.4000015258789,1883300
2018-08-22,62.98863983154297,79.47000122070312,79.5199966430664,79.41000366210938,79.5199966430664,2025500
2018-08-23,62.98863983154297,79.47000122070312,79.51000213623047,79.44000244140625,79.51000213623047,1447500
2018-08-24,63.02031326293945,79.51000213623047,79.5199966430664,79.3499984741211,79.38999938964844,1845300
2018-08-27,62.94108963012695,79.41000366210938,79.45999908447266,79.4000015258789,79.44000244140625,2340800
2018-08-28,62.84596633911133,79.29000091552734,79.3499984741211,79.26000213623047,79.33999633789062,2375800
2018-08-29,62.80632400512695,79.23999786376953,79.30999755859375,79.19000244140625,79.30999755859375,1560100
2018-08-30,62.85387420654297,79.30000305175781,79.36000061035156,79.26000213623047,79.31999969482422,1157400
2018-08-31,62.86973190307617,79.31999969482422,79.43000030517578,79.30999755859375,79.41999816894531,2888300
2018-09-04,62.77280807495117,79.01000213623047,79.06999969482422,78.97000122070312,79.0,2400700
2018-09-05,62.78871154785156,79.02999877929688,79.05999755859375,78.95999908447266,79.04000091552734,2558000
2018-09-06,62.884056091308594,79.1500015258789,79.18000030517578,79.05000305175781,79.08999633789062,2133300
2018-09-07,62.68544387817383,78.9000015258789,78.97000122070312,78.86000061035156,78.97000122070312,2481100
2018-09-10,62.72515106201172,78.94999694824219,78.97000122070312,78.87999725341797,78.91000366210938,1464300
2018-09-11,62.59008026123047,78.77999877929688,78.87999725341797,78.75,78.81999969482422,1496800
2018-09-12,62.63772201538086,78.83999633789062,78.91999816894531,78.83000183105469,78.88999938964844,1088400
2018-09-13,62.67747497558594,78.88999938964844,78.9800033569336,78.87000274658203,78.94999694824219,1723800
2018-09-14,62.57419967651367,78.76000213623047,78.80999755859375,78.7300033569336,78.76000213623047,3196000
2018-09-17,62.56621551513672,78.75,78.80000305175781,78.68000030517578,78.69999694824219,2375200
2018-09-18,62.423282623291016,78.56999969482422,78.69999694824219,78.54000091552734,78.69999694824219,2504000
2018-09-19,62.32791519165039,78.44999694824219,78.55999755859375,78.38999938964844,78.52999877929688,1968700
2018-09-20,62.4073371887207,78.55000305175781,78.58999633789062,78.43000030517578,78.44000244140625,2297700
2018-09-21,62.44709396362305,78.5999984741211,78.5999984741211,78.51000213623047,78.51000213623047,1750600
2018-09-24,62.367645263671875,78.5,78.58000183105469,78.47000122070312,78.48999786376953,2915800
2018-09-25,62.31995391845703,78.44000244140625,78.45999908447266,78.37999725341797,78.44000244140625,1698200
2018-09-26,62.4788703918457,78.63999938964844,78.69000244140625,78.48999786376953,78.5,1831100
2018-09-27,62.52654266357422,78.69999694824219,78.69999694824219,78.62000274658203,78.66000366210938,1374700
2018-09-28,62.52654266357422,78.69999694824219,78.79000091552734,78.66000366210938,78.76000213623047,2577700
2018-10-01,62.409488677978516,78.37000274658203,78.4800033569336,78.36000061035156,78.41999816894531,2853300
2018-10-02,62.520957946777344,78.51000213623047,78.55000305175781,78.44999694824219,78.44999694824219,2597600
2018-10-03,62.202423095703125,78.11000061035156,78.4000015258789,78.0199966430664,78.4000015258789,2300300
2018-10-04,62.043148040771484,77.91000366210938,78.01000213623047,77.87000274658203,77.97000122070312,3221400
2018-10-05,61.93165588378906,77.7699966430664,77.87999725341797,77.66000366210938,77.83000183105469,2299100
2018-10-08,61.907772064208984,77.73999786376953,77.80000305175781,77.72000122070312,77.79000091552734,1885400
2018-10-09,62.027217864990234,77.88999938964844,77.88999938964844,77.73999786376953,77.73999786376953,4273200
2018-10-10,61.97945022583008,77.83000183105469,77.86000061035156,77.69999694824219,77.7699966430664,2813100
2018-10-11,62.15463638305664,78.05000305175781,78.12999725341797,77.9000015258789,77.91000366210938,3245600
2018-10-12,62.138702392578125,78.02999877929688,78.13999938964844,78.01000213623047,78.0199966430664,2365700
2018-10-15,62.122764587402344,78.01000213623047,78.11000061035156,78.0,78.11000061035156,2077800
2018-10-16,62.17055892944336,78.06999969482422,78.0999984741211,77.97000122070312,78.0,2367000
2018-10-17,62.05904006958008,77.93000030517578,78.0999984741211,77.91000366210938,78.05000305175781,1877300
2018-10-18,62.019264221191406,77.87999725341797,78.0,77.80999755859375,77.87999725341797,1681500
2018-10-19,61.98741149902344,77.83999633789062,77.91000366210938,77.79000091552734,77.88999938964844,1716700
2018-10-22,61.9635124206543,77.80999755859375,77.93000030517578,77.80000305175781,77.87999725341797,1520000
2018-10-23,62.05108642578125,77.91999816894531,78.08999633789062,77.9000015258789,78.0199966430664,1934300
2018-10-24,62.218318939208984,78.12999725341797,78.1500015258789,78.05000305175781,78.06999969482422,1615500
2018-10-25,62.14668273925781,78.04000091552734,78.12000274658203,78.0,78.05999755859375,1981000
2018-10-26,62.25816345214844,78.18000030517578,78.30000305175781,78.16000366210938,78.22000122070312,2224400
2018-10-29,62.202423095703125,78.11000061035156,78.19000244140625,78.05000305175781,78.1500015258789,1900700
2018-10-30,62.11479568481445,78.0,78.0999984741211,77.98999786376953,78.0199966430664,2546300
2018-10-31,61.98741149902344,77.83999633789062,77.98999786376953,77.83999633789062,77.9000015258789,6206300
2018-11-01,62.102352142333984,77.79000091552734,77.81999969482422,77.63999938964844,77.6500015258789,3784100
2018-11-02,61.870845794677734,77.5,77.70999908447266,77.45999908447266,77.69000244140625,2024600
2018-11-05,61.91875457763672,77.55999755859375,77.61000061035156,77.52999877929688,77.56999969482422,1858900
2018-11-06,61.910770416259766,77.55000305175781,77.58999633789062,77.5199966430664,77.56999969482422,2024700
2018-11-07,61.966678619384766,77.62000274658203,77.7699966430664,77.5999984741211,77.69999694824219,2673700
2018-11-08,61.86289596557617,77.48999786376953,77.6500015258789,77.48999786376953,77.62000274658203,2233100
2018-11-09,62.01455307006836,77.68000030517578,77.72000122070312,77.56999969482422,77.56999969482422,1697200
2018-11-12,62.11037826538086,77.80000305175781,77.80999755859375,77.73999786376953,77.77999877929688,1067200
2018-11-13,62.07839584350586,77.76000213623047,77.7699966430664,77.66000366210938,77.70999908447266,2735900
2018-11-14,62.126304626464844,77.81999969482422,77.9000015258789,77.66000366210938,77.70999908447266,2905100
2018-11-15,62.13429641723633,77.83000183105469,77.88999938964844,77.69999694824219,77.87000274658203,2557800
2018-11-16,62.27000045776367,78.0,78.0199966430664,77.8499984741211,77.94000244140625,1811300
2018-11-19,62.27000045776367,78.0,78.02999877929688,77.94000244140625,77.94000244140625,2495900
2018-11-20,62.23008728027344,77.94999694824219,78.02999877929688,77.91999816894531,77.9800033569336,1891300
2018-11-21,62.2939567565918,78.02999877929688,78.02999877929688,77.93000030517578,77.98999786376953,3871300
2018-11-23,62.28597640991211,78.0199966430664,78.12000274658203,78.0,78.08999633789062,644500
2018-11-26,62.23807907104492,77.95999908447266,78.0,77.91999816894531,77.94000244140625,1520500
2018-11-27,62.277976989746094,78.01000213623047,78.05000305175781,77.94999694824219,77.94999694824219,2563100
2018-11-28,62.3099365234375,78.05000305175781,78.0999984741211,77.93000030517578,78.01000213623047,2217500
2018-11-29,62.357845306396484,78.11000061035156,78.16999816894531,78.04000091552734,78.12000274658203,2395900
2018-11-30,62.38174819946289,78.13999938964844,78.13999938964844,78.05000305175781,78.0999984741211,2181200
2018-12-03,62.47941970825195,78.06999969482422,78.06999969482422,77.94999694824219,77.98999786376953,2187500
2018-12-04,62.631492614746094,78.26000213623047,78.37999725341797,78.1500015258789,78.1500015258789,3204700
2018-12-06,62.74352264404297,78.4000015258789,78.55999755859375,78.36000061035156,78.38999938964844,4447800
2018-12-07,62.87157440185547,78.55999755859375,78.58999633789062,78.37999725341797,78.4000015258789,3806000
2018-12-10,62.93559646606445,78.63999938964844,78.69999694824219,78.52999877929688,78.58000183105469,2712100
2018-12-11,62.943607330322266,78.6500015258789,78.7300033569336,78.58000183105469,78.66000366210938,4157200
2018-12-12,62.879615783691406,78.56999969482422,78.6500015258789,78.55999755859375,78.62000274658203,2662400
2018-12-13,62.92756271362305,78.62999725341797,78.68000030517578,78.58999633789062,78.58999633789062,2587600
2018-12-14,62.983638763427734,78.69999694824219,78.75,78.66000366210938,78.69000244140625,3490600
2018-12-17,63.103599548339844,78.8499984741211,78.86000061035156,78.72000122070312,78.7300033569336,2924300
2018-12-18,63.19968032836914,78.97000122070312,79.0,78.83999633789062,78.83999633789062,3210700
2018-12-19,63.311729431152344,79.11000061035156,79.26000213623047,79.0,79.08000183105469,3117500
2018-12-20,63.22367858886719,79.0,79.20999908447266,78.97000122070312,79.19000244140625,3451000
2018-12-21,63.22367858886719,79.0,79.05999755859375,78.94000244140625,79.02999877929688,4516100
2018-12-24,63.238182067871094,78.81999969482422,79.0,78.7300033569336,78.91999816894531,6031000
2018-12-26,63.10175323486328,78.6500015258789,78.9000015258789,78.6500015258789,78.87000274658203,5912400
2018-12-27,63.238182067871094,78.81999969482422,78.98999786376953,78.80999755859375,78.94000244140625,2751800
2018-12-28,63.39057540893555,79.01000213623047,79.0199966430664,78.81999969482422,78.86000061035156,3495100
2018-12-31,63.551025390625,79.20999908447266,79.25,78.93000030517578,78.94999694824219,5651100
2019-01-02,63.67942810058594,79.37000274658203,79.37999725341797,79.25,79.27999877929688,4142500
2019-01-03,63.92812728881836,79.68000030517578,79.75,79.37000274658203,79.38999938964844,4908400
2019-01-04,63.73558044433594,79.44000244140625,79.4800033569336,79.33999633789062,79.47000122070312,4583600
2019-01-07,63.63930130004883,79.31999969482422,79.51000213623047,79.29000091552734,79.47000122070312,4121700
2019-01-08,63.55908203125,79.22000122070312,79.31999969482422,79.19999694824219,79.25,1745400
2019-01-09,63.647315979003906,79.33000183105469,79.36000061035156,79.2300033569336,79.23999786376953,1989600
2019-01-10,63.518959045410156,79.16999816894531,79.3499984741211,79.13999938964844,79.2699966430664,2579900
2019-01-11,63.647315979003906,79.33000183105469,79.4000015258789,79.30000305175781,79.33999633789062,3097100
2019-01-14,63.59114456176758,79.26000213623047,79.37000274658203,79.25,79.3499984741211,2395700
2019-01-15,63.59918212890625,79.2699966430664,79.4000015258789,79.22000122070312,79.36000061035156,1742900
2019-01-16,63.623252868652344,79.30000305175781,79.31999969482422,79.19000244140625,79.2300033569336,1697700
2019-01-17,63.551025390625,79.20999908447266,79.30999755859375,79.18000030517578,79.30000305175781,2394700
2019-01-18,63.50289535522461,79.1500015258789,79.29000091552734,79.13999938964844,79.20999908447266,3722400
2019-01-22,63.6152229309082,79.29000091552734,79.4000015258789,79.27999877929688,79.30000305175781,3917700
2019-01-23,63.67942810058594,79.37000274658203,79.43000030517578,79.25,79.25,2536100
2019-01-24,63.815792083740234,79.54000091552734,79.58999633789062,79.48999786376953,79.5199966430664,2700300
2019-01-25,63.74357986450195,79.44999694824219,79.51000213623047,79.41000366210938,79.45999908447266,2073100
2019-01-28,63.76763916015625,79.4800033569336,79.52999877929688,79.44999694824219,79.45999908447266,2938200
2019-01-29,63.895999908447266,79.63999938964844,79.63999938964844,79.54000091552734,79.54000091552734,1772300
2019-01-30,63.960235595703125,79.72000122070312,79.75,79.51000213623047,79.58000183105469,2961400
2019-01-31,64.25711059570312,80.08999633789062,80.08999633789062,79.94000244140625,79.9800033569336,3698100
2019-02-01,64.07852172851562,79.66999816894531,79.88999938964844,79.5999984741211,79.79000091552734,3335000
2019-02-04,64.02220153808594,79.5999984741211,79.61000061035156,79.52999877929688,79.61000061035156,4078600
2019-02-05,64.15892791748047,79.7699966430664,79.80000305175781,79.69000244140625,79.69999694824219,2400300
2019-02-06,64.13484191894531,79.73999786376953,79.80999755859375,79.69000244140625,79.79000091552734,2724700
2019-02-07,64.18309783935547,79.80000305175781,79.83999633789062,79.75,79.79000091552734,2474700
2019-02-08,64.27958679199219,79.91999816894531,79.9800033569336,79.83999633789062,79.87000274658203,1538700
2019-02-11,64.25546264648438,79.88999938964844,79.91999816894531,79.80999755859375,79.8499984741211,2600900
2019-02-12,64.2474136352539,79.87999725341797,79.88999938964844,79.80999755859375,79.8499984741211,1541200
2019-02-13,64.15091705322266,79.76000213623047,79.80999755859375,79.70999908447266,79.80000305175781,1631600
2019-02-14,64.26350402832031,79.9000015258789,79.98999786376953,79.8499984741211,79.95999908447266,1895800
2019-02-15,64.28761291503906,79.93000030517578,79.93000030517578,79.87000274658203,79.88999938964844,1917900
2019-02-19,64.34393310546875,80.0,80.02999877929688,79.93000030517578,80.0,3792100
2019-02-20,64.31980895996094,79.97000122070312,80.01000213623047,79.91999816894531,79.9800033569336,1768400
2019-02-21,64.1911392211914,79.80999755859375,79.83000183105469,79.7699966430664,79.83000183105469,3411400
2019-02-22,64.33589172363281,79.98999786376953,80.08000183105469,79.87000274658203,79.91999816894531,1936600
2019-02-25,64.311767578125,79.95999908447266,79.98999786376953,79.91000366210938,79.95999908447266,2244600
2019-02-26,64.40023040771484,80.06999969482422,80.12000274658203,80.0199966430664,80.05999755859375,1405200
2019-02-27,64.27153015136719,79.91000366210938,80.0199966430664,79.8499984741211,80.0199966430664,1323000
2019-02-28,64.1991195678711,79.81999969482422,79.91000366210938,79.73999786376953,79.91000366210938,4028500
2019-03-01,64.00082397460938,79.38999938964844,79.58000183105469,79.38999938964844,79.55000305175781,3035000
2019-03-04,64.11369323730469,79.52999877929688,79.58000183105469,79.47000122070312,79.52999877929688,2531300
2019-03-05,64.16207885742188,79.58999633789062,79.61000061035156,79.47000122070312,79.4800033569336,1924500
2019-03-06,64.24274444580078,79.69000244140625,79.76000213623047,79.62999725341797,79.66000366210938,1629000
2019-03-07,64.42813110351562,79.91999816894531,79.95999908447266,79.79000091552734,79.83999633789062,2322200
2019-03-08,64.50870513916016,80.0199966430664,80.05000305175781,79.87999725341797,79.95999908447266,4388500
2019-03-11,64.47644805908203,79.9800033569336,80.02999877929688,79.97000122070312,80.02999877929688,1891100
2019-03-12,64.62964630126953,80.16999816894531,80.19000244140625,80.0199966430664,80.05000305175781,1958500
2019-03-13,64.597412109375,80.12999725341797,80.16000366210938,80.0999984741211,80.13999938964844,1318600
2019-03-14,64.54096984863281,80.05999755859375,80.13999938964844,80.01000213623047,80.13999938964844,4058400
2019-03-15,64.66190338134766,80.20999908447266,80.26000213623047,80.13999938964844,80.19000244140625,1639300
2019-03-18,64.62158966064453,80.16000366210938,80.19999694824219,80.08999633789062,80.16999816894531,5344200
2019-03-19,64.58936309814453,80.12000274658203,80.18000030517578,80.05999755859375,80.08000183105469,2702400
2019-03-20,64.8714828491211,80.47000122070312,80.48999786376953,80.16999816894531,80.19000244140625,2528700
2019-03-21,64.88760375976562,80.48999786376953,80.54000091552734,80.4800033569336,80.51000213623047,1980500
2019-03-22,65.24230194091797,80.93000030517578,80.9800033569336,80.75,80.81999969482422,2734000
2019-03-25,65.32295227050781,81.02999877929688,81.18000030517578,80.87999725341797,80.94999694824219,2034000
2019-03-26,65.33905792236328,81.05000305175781,81.12000274658203,80.94999694824219,80.9800033569336,3527200
2019-03-27,65.45999908447266,81.19999694824219,81.30999755859375,81.16000366210938,81.18000030517578,2121900
2019-03-28,65.49226379394531,81.23999786376953,81.2699966430664,81.12999725341797,81.20999908447266,1818300
2019-03-29,65.4438705444336,81.18000030517578,81.19999694824219,81.06999969482422,81.08000183105469,1937000
2019-04-01,65.18524932861328,80.66000366210938,80.86000061035156,80.62000274658203,80.86000061035156,4106700
2019-04-02,65.21759033203125,80.69999694824219,80.77999877929688,80.66000366210938,80.69999694824219,6305600
2019-04-03,65.1286849975586,80.58999633789062,80.62999725341797,80.54000091552734,80.58000183105469,2177300
2019-04-04,65.1933364868164,80.66999816894531,80.68000030517578,80.58000183105469,80.62000274658203,1586000
2019-04-05,65.2418441772461,80.7300033569336,80.73999786376953,80.5999984741211,80.61000061035156,2131700
2019-04-08,65.17719268798828,80.6500015258789,80.73999786376953,80.61000061035156,80.73999786376953,3794200
2019-04-09,65.2741470336914,80.7699966430664,80.81999969482422,80.72000122070312,80.77999877929688,1919100
2019-04-10,65.3630142211914,80.87999725341797,80.9000015258789,80.80000305175781,80.80999755859375,3414300
2019-04-11,65.2499008178711,80.73999786376953,80.81999969482422,80.70999908447266,80.80999755859375,2641800
2019-04-12,65.1286849975586,80.58999633789062,80.69000244140625,80.58000183105469,80.66999816894531,1821800
2019-04-15,65.14485168457031,80.61000061035156,80.62999725341797,80.56999969482422,80.58000183105469,1671300
2019-04-16,65.03169250488281,80.47000122070312,80.55000305175781,80.44999694824219,80.52999877929688,2002000
2019-04-17,65.03169250488281,80.47000122070312,80.56999969482422,80.45999908447266,80.47000122070312,1797500
2019-04-18,65.12060546875,80.58000183105469,80.63999938964844,80.52999877929688,80.5999984741211,1604600
2019-04-22,65.05593872070312,80.5,80.58000183105469,80.45999908447266,80.58000183105469,1840100
2019-04-23,65.16909790039062,80.63999938964844,80.6500015258789,80.56999969482422,80.5999984741211,2643500
2019-04-24,65.33882904052734,80.8499984741211,80.86000061035156,80.76000213623047,80.80000305175781,1370500
2019-04-25,65.32261657714844,80.83000183105469,80.87999725341797,80.7699966430664,80.8499984741211,1238100
2019-04-26,65.46809387207031,81.01000213623047,81.05000305175781,80.9800033569336,81.01000213623047,1622500
2019-04-29,65.33072662353516,80.83999633789062,80.91999816894531,80.80000305175781,80.9000015258789,1737800
2019-04-30,65.42769622802734,80.95999908447266,80.95999908447266,80.80000305175781,80.80000305175781,2376200
2019-05-01,65.43177032470703,80.7699966430664,81.0199966430664,80.70999908447266,80.77999877929688,2035300
2019-05-02,65.28594207763672,80.58999633789062,80.7300033569336,80.52999877929688,80.70999908447266,2061100
2019-05-03,65.407470703125,80.73999786376953,80.79000091552734,80.68000030517578,80.72000122070312,1877500
2019-05-06,65.48845672607422,80.83999633789062,80.91000366210938,80.81999969482422,80.86000061035156,2261500
2019-05-07,65.585693359375,80.95999908447266,81.0,80.91000366210938,80.94999694824219,3223200
2019-05-08,65.53709411621094,80.9000015258789,81.05999755859375,80.9000015258789,81.0199966430664,4750500
2019-05-09,65.60189056396484,80.9800033569336,81.06999969482422,80.86000061035156,81.05000305175781,1926100
2019-05-10,65.59375762939453,80.97000122070312,81.06999969482422,80.94999694824219,80.98999786376953,4679900
2019-05-13,65.73153686523438,81.13999938964844,81.19999694824219,81.0999984741211,81.12000274658203,3427000
2019-05-14,65.77201080322266,81.19000244140625,81.19999694824219,81.13999938964844,81.16000366210938,4478100
2019-05-15,65.86922454833984,81.30999755859375,81.36000061035156,81.22000122070312,81.33999633789062,1940900
2019-05-16,65.77201080322266,81.19000244140625,81.23999786376953,81.16999816894531,81.23999786376953,1862700
2019-05-17,65.7881851196289,81.20999908447266,81.30999755859375,81.16000366210938,81.30000305175781,1615200
2019-05-20,65.70719146728516,81.11000061035156,81.25,81.11000061035156,81.20999908447266,2188000
2019-05-21,65.6747817993164,81.06999969482422,81.12000274658203,81.05000305175781,81.11000061035156,1747000
2019-05-22,65.79629516601562,81.22000122070312,81.2699966430664,81.12000274658203,81.12000274658203,4000500
2019-05-23,66.03120422363281,81.51000213623047,81.58000183105469,81.30999755859375,81.30999755859375,5334000
2019-05-24,66.03120422363281,81.51000213623047,81.52999877929688,81.45999908447266,81.51000213623047,1770100
2019-05-28,66.16893005371094,81.68000030517578,81.69000244140625,81.58000183105469,81.63999938964844,1910600
2019-05-29,66.15274047851562,81.66000366210938,81.86000061035156,81.66000366210938,81.75,3142700
2019-05-30,66.33097839355469,81.87999725341797,81.91000366210938,81.66999816894531,81.73999786376953,2253600
2019-05-31,66.62261199951172,82.23999786376953,82.23999786376953,81.98999786376953,82.04000091552734,5898700
2019-06-03,66.8117904663086,82.27999877929688,82.31999969482422,82.04000091552734,82.13999938964844,3787000
2019-06-04,66.69811248779297,82.13999938964844,82.20999908447266,82.02999877929688,82.16000366210938,2906700
2019-06-05,66.69811248779297,82.13999938964844,82.27999877929688,82.06999969482422,82.18000030517578,7341700
2019-06-06,66.68190002441406,82.12000274658203,82.26000213623047,82.06999969482422,82.16999816894531,2995300
2019-06-07,66.86051177978516,82.33999633789062,82.44999694824219,82.27999877929688,82.36000061035156,2490100
2019-06-10,66.72248840332031,82.16999816894531,82.26000213623047,82.13999938964844,82.26000213623047,2417400
2019-06-11,66.67375946044922,82.11000061035156,82.18000030517578,82.08000183105469,82.12000274658203,3362100
2019-06-12,66.78743743896484,82.25,82.25,82.12999725341797,82.1500015258789,1904400
2019-06-13,66.90113067626953,82.38999938964844,82.43000030517578,82.29000091552734,82.30000305175781,1946300
2019-06-14,66.90924835205078,82.4000015258789,82.41999816894531,82.30000305175781,82.30999755859375,2260700
2019-06-17,66.90924835205078,82.4000015258789,82.43000030517578,82.30000305175781,82.30000305175781,2792600
2019-06-18,67.06349182128906,82.58999633789062,82.72000122070312,82.52999877929688,82.66000366210938,3342000
2019-06-19,67.2909164428711,82.87000274658203,82.87000274658203,82.44999694824219,82.4800033569336,2496900
2019-06-20,67.39645385742188,83.0,83.12999725341797,82.9800033569336,83.0199966430664,2171600
2019-06-21,67.20968627929688,82.7699966430664,82.87000274658203,82.70999908447266,82.8499984741211,2398100
2019-06-24,67.33149719238281,82.91999816894531,82.97000122070312,82.8499984741211,82.87999725341797,2803800
2019-06-25,67.35582733154297,82.94999694824219,83.05000305175781,82.88999938964844,82.98999786376953,2699800
2019-06-26,67.20156860351562,82.76000213623047,82.94000244140625,82.75,82.93000030517578,2195800
2019-06-27,67.39645385742188,83.0,83.02999877929688,82.83000183105469,82.88999938964844,2021400
2019-06-28,67.45330047607422,83.06999969482422,83.08999633789062,82.94999694824219,82.95999908447266,2554600
2019-07-01,67.44841003417969,82.87000274658203,82.94999694824219,82.75,82.91000366210938,2354400
2019-07-02,67.57861328125,83.02999877929688,83.05999755859375,82.86000061035156,82.91999816894531,3127100
2019-07-03,67.70069885253906,83.18000030517578,83.22000122070312,83.08000183105469,83.11000061035156,1720800
2019-07-05,67.38323974609375,82.79000091552734,82.8499984741211,82.62000274658203,82.83000183105469,2356800
2019-07-08,67.3751449584961,82.77999877929688,82.91999816894531,82.76000213623047,82.87999725341797,1761500
2019-07-09,67.28564453125,82.66999816894531,82.79000091552734,82.66000366210938,82.79000091552734,1839400
2019-07-10,67.34259033203125,82.73999786376953,82.80999755859375,82.68000030517578,82.7699966430664,2097200
2019-07-11,67.12281799316406,82.47000122070312,82.7699966430664,82.43000030517578,82.70999908447266,3024100
2019-07-12,67.17981719970703,82.54000091552734,82.56999969482422,82.44000244140625,82.47000122070312,2265000
2019-07-15,67.27749633789062,82.66000366210938,82.66000366210938,82.52999877929688,82.52999877929688,2245900
2019-07-16,67.18795776367188,82.55000305175781,82.58000183105469,82.45999908447266,82.5199966430664,2294100
2019-07-17,67.39144134521484,82.80000305175781,82.80999755859375,82.63999938964844,82.66999816894531,2062300
2019-07-18,67.51348876953125,82.94999694824219,82.9800033569336,82.7300033569336,82.7699966430664,3323200
2019-07-19,67.44025421142578,82.86000061035156,82.91999816894531,82.80999755859375,82.8499984741211,2167300
2019-07-22,67.51348876953125,82.94999694824219,83.02999877929688,82.91999816894531,83.0199966430664,1725500
2019-07-23,67.45654296875,82.87999725341797,82.94999694824219,82.81999969482422,82.91000366210938,1799600
2019-07-24,67.52164459228516,82.95999908447266,83.02999877929688,82.93000030517578,82.94999694824219,2535800
2019-07-25,67.44841003417969,82.87000274658203,82.94999694824219,82.7300033569336,82.93000030517578,2199000
2019-07-26,67.44841003417969,82.87000274658203,82.91999816894531,82.83000183105469,82.91999816894531,2413500
2019-07-29,67.48908233642578,82.91999816894531,82.97000122070312,82.87999725341797,82.95999908447266,1771900
2019-07-30,67.47280883789062,82.9000015258789,82.94999694824219,82.83999633789062,82.94000244140625,1968800
2019-07-31,67.55423736572266,83.0,83.1500015258789,82.77999877929688,82.91999816894531,2628700
2019-08-01,68.03794860839844,83.4000015258789,83.44000244140625,82.94000244140625,82.97000122070312,3278400
2019-08-02,68.10328674316406,83.4800033569336,83.5199966430664,83.37000274658203,83.44000244140625,5392400
2019-08-05,68.39691925048828,83.83999633789062,83.9000015258789,83.69999694824219,83.76000213623047,4284300
2019-08-06,68.5682373046875,84.05000305175781,84.06999969482422,83.83000183105469,83.87000274658203,4939700
2019-08-07,68.5682373046875,84.05000305175781,84.5,84.02999877929688,84.44999694824219,5516400
2019-08-08,68.6253662109375,84.12000274658203,84.16999816894531,83.79000091552734,83.9000015258789,3244200
2019-08-09,68.50301361083984,83.97000122070312,84.23999786376953,83.94999694824219,84.16000366210938,2832800
2019-08-12,68.80484771728516,84.33999633789062,84.41000366210938,84.18000030517578,84.2300033569336,3008000
2019-08-13,68.69876861572266,84.20999908447266,84.41000366210938,84.12999725341797,84.37999725341797,3299800
2019-08-14,68.94355010986328,84.51000213623047,84.58000183105469,84.44999694824219,84.52999877929688,3395400
2019-08-15,69.27799987792969,84.91999816894531,85.0199966430664,84.5999984741211,84.66999816894531,4358100
2019-08-16,69.20455169677734,84.83000183105469,84.86000061035156,84.58999633789062,84.7699966430664,3913600
2019-08-19,68.98429870605469,84.55999755859375,84.63999938964844,84.5,84.54000091552734,3640100
2019-08-20,69.16378021240234,84.77999877929688,84.77999877929688,84.68000030517578,84.73999786376953,2568100
2019-08-21,69.13114166259766,84.73999786376953,84.88999938964844,84.6500015258789,84.69999694824219,2532300
2019-08-22,69.00064086914062,84.58000183105469,84.7699966430664,84.54000091552734,84.6500015258789,3232600
2019-08-23,69.25352478027344,84.88999938964844,84.9800033569336,84.5199966430664,84.55000305175781,3100100
2019-08-26,69.21271514892578,84.83999633789062,84.98999786376953,84.77999877929688,84.93000030517578,2358800
2019-08-27,69.44931030273438,85.12999725341797,85.13999938964844,84.94000244140625,84.97000122070312,2450800
2019-08-28,69.47380065917969,85.16000366210938,85.30000305175781,85.13999938964844,85.29000091552734,3352400
2019-08-29,69.43299865722656,85.11000061035156,85.12000274658203,84.94999694824219,85.12000274658203,2812400
2019-08-30,69.42485046386719,85.0999984741211,85.16999816894531,85.0,85.02999877929688,2861800
2019-09-03,69.48863220214844,84.98999786376953,85.18000030517578,84.83999633789062,84.9800033569336,3345800
2019-09-04,69.61944580078125,85.1500015258789,85.16000366210938,84.94999694824219,84.97000122070312,2864100
2019-09-05,69.25968933105469,84.70999908447266,84.9000015258789,84.58000183105469,84.8499984741211,3162800
2019-09-06,69.3414306640625,84.80999755859375,84.8499984741211,84.72000122070312,84.76000213623047,2764600
2019-09-09,69.02259063720703,84.41999816894531,84.55000305175781,84.4000015258789,84.47000122070312,2618400
2019-09-10,68.67101287841797,83.98999786376953,84.37999725341797,83.95999908447266,84.36000061035156,2425900
2019-09-11,68.630126953125,83.94000244140625,84.04000091552734,83.91000366210938,83.91999816894531,2030200
2019-09-12,68.49929809570312,83.77999877929688,84.18000030517578,83.7300033569336,84.1500015258789,3025200
2019-09-13,68.10684204101562,83.30000305175781,83.66999816894531,83.29000091552734,83.62000274658203,3111300
2019-09-16,68.28673553466797,83.5199966430664,83.5999984741211,83.41000366210938,83.52999877929688,2971000
2019-09-17,68.44206237792969,83.70999908447266,83.77999877929688,83.51000213623047,83.58000183105469,2974900
2019-09-18,68.49113464355469,83.7699966430664,84.04000091552734,83.72000122070312,83.88999938964844,2557800
2019-09-19,68.58924865722656,83.88999938964844,84.01000213623047,83.86000061035156,83.98999786376953,2631100
2019-09-20,68.83454895019531,84.19000244140625,84.19999694824219,83.94999694824219,83.98999786376953,2436700
2019-09-23,68.88358306884766,84.25,84.45999908447266,84.23999786376953,84.30000305175781,2365800
2019-09-24,69.12068939208984,84.54000091552734,84.55999755859375,84.31999969482422,84.3499984741211,3043500
2019-09-25,68.79367065429688,84.13999938964844,84.44999694824219,84.08000183105469,84.44000244140625,3009500
2019-09-26,68.90808868408203,84.27999877929688,84.37000274658203,84.23999786376953,84.30999755859375,2909900
2019-09-27,68.981689453125,84.37000274658203,84.41000366210938,84.2699966430664,84.2699966430664,2778400
2019-09-30,69.03077697753906,84.43000030517578,84.47000122070312,84.2300033569336,84.26000213623047,5258400
2019-10-01,69.09793853759766,84.33000183105469,84.5199966430664,84.0199966430664,84.05000305175781,5383100
2019-10-02,69.25364685058594,84.5199966430664,84.5999984741211,84.41999816894531,84.5,3741400
2019-10-03,69.4830322265625,84.80000305175781,84.93000030517578,84.61000061035156,84.62000274658203,3149600
2019-10-04,69.59777069091797,84.94000244140625,84.9800033569336,84.81999969482422,84.86000061035156,3309600
2019-10-07,69.41749572753906,84.72000122070312,84.87999725341797,84.70999908447266,84.80000305175781,4701400
2019-10-08,69.45027160644531,84.76000213623047,84.91999816894531,84.69999694824219,84.91000366210938,3876100
2019-10-09,69.36834716796875,84.66000366210938,84.77999877929688,84.58999633789062,84.77999877929688,3187900
2019-10-10,69.15528106689453,84.4000015258789,84.58999633789062,84.3499984741211,84.56999969482422,3683300
2019-10-11,68.90127563476562,84.08999633789062,84.16999816894531,83.95999908447266,84.1500015258789,3411200
2019-10-14,69.01598358154297,84.2300033569336,84.25,84.16999816894531,84.23999786376953,1600400
2019-10-15,68.83573913574219,84.01000213623047,84.2300033569336,83.97000122070312,84.18000030517578,2408500
2019-10-16,68.90951538085938,84.0999984741211,84.1500015258789,84.0199966430664,84.05000305175781,2549900
2019-10-17,68.90951538085938,84.0999984741211,84.20999908447266,84.0199966430664,84.08000183105469,2420600
2019-10-18,68.94226837158203,84.13999938964844,84.23999786376953,84.12999725341797,84.13999938964844,2467600
2019-10-21,68.77838897705078,83.94000244140625,84.08999633789062,83.94000244140625,84.05000305175781,2328000
2019-10-22,68.90127563476562,84.08999633789062,84.13999938964844,83.97000122070312,84.11000061035156,4545600
2019-10-23,68.93408203125,84.12999725341797,84.25,84.12000274658203,84.22000122070312,4250400
2019-10-24,68.94226837158203,84.13999938964844,84.2699966430664,84.12000274658203,84.18000030517578,2353700
2019-10-25,68.82756805419922,84.0,84.19000244140625,83.94999694824219,84.19000244140625,2157500
2019-10-28,68.68009185791016,83.81999969482422,83.8499984741211,83.76000213623047,83.83999633789062,2861600
2019-10-29,68.69645690917969,83.83999633789062,83.93000030517578,83.81999969482422,83.93000030517578,2729800
2019-10-30,68.91767883300781,84.11000061035156,84.12000274658203,83.88999938964844,83.94000244140625,2831800
2019-10-31,69.2454605102539,84.51000213623047,84.5199966430664,84.30000305175781,84.33999633789062,3058400
2019-11-01,69.183837890625,84.25,84.36000061035156,84.11000061035156,84.25,2771900
2019-11-04,68.98675537109375,84.01000213623047,84.05999755859375,83.95999908447266,84.05000305175781,2444500
2019-11-05,68.7486343383789,83.72000122070312,83.80000305175781,83.62000274658203,83.79000091552734,2890600
2019-11-06,68.89643859863281,83.9000015258789,83.94000244140625,83.7300033569336,83.75,3147000
2019-11-07,68.54334259033203,83.47000122070312,83.62000274658203,83.26000213623047,83.62000274658203,3767100
2019-11-08,68.47763061523438,83.38999938964844,83.58999633789062,83.37999725341797,83.44999694824219,2130600
2019-11-11,68.5186996459961,83.44000244140625,83.52999877929688,83.37999725341797,83.5,1926100
2019-11-12,68.55976867675781,83.48999786376953,83.55000305175781,83.37999725341797,83.47000122070312,3072600
2019-11-13,68.68292999267578,83.63999938964844,83.70999908447266,83.58999633789062,83.66000366210938,2690800
2019-11-14,68.88001251220703,83.87999725341797,83.95999908447266,83.87000274658203,83.93000030517578,2299700
2019-11-15,68.85537719726562,83.8499984741211,83.91999816894531,83.80000305175781,83.81999969482422,2342200
2019-11-18,68.95390319824219,83.97000122070312,84.04000091552734,83.94999694824219,83.98999786376953,3553000
2019-11-19,69.02779388427734,84.05999755859375,84.0999984741211,83.97000122070312,83.9800033569336,3712600
2019-11-20,69.21669006347656,84.29000091552734,84.30000305175781,84.1500015258789,84.20999908447266,4924100
2019-11-21,69.10172271728516,84.1500015258789,84.19000244140625,84.06999969482422,84.18000030517578,2779600
2019-11-22,69.14278411865234,84.19999694824219,84.25,84.12999725341797,84.23999786376953,3119700
2019-11-25,69.2084732055664,84.27999877929688,84.30999755859375,84.2300033569336,84.26000213623047,3444700
2019-11-26,69.32344055175781,84.41999816894531,84.44000244140625,84.3499984741211,84.4000015258789,3207400
2019-11-27,69.21669006347656,84.29000091552734,84.3499984741211,84.2699966430664,84.30999755859375,2293000
2019-11-29,69.21669006347656,84.29000091552734,84.30999755859375,84.19000244140625,84.29000091552734,2535100
2019-12-02,69.03562927246094,83.88999938964844,83.88999938964844,83.76000213623047,83.83000183105469,3745800
2019-12-03,69.40597534179688,84.33999633789062,84.43000030517578,84.12999725341797,84.16999816894531,3393600
2019-12-04,69.26608276367188,84.16999816894531,84.27999877929688,84.05999755859375,84.26000213623047,3876800
2019-12-05,69.19200134277344,84.08000183105469,84.12999725341797,83.9800033569336,84.04000091552734,2850000
2019-12-06,69.10147857666016,83.97000122070312,84.0999984741211,83.87000274658203,83.91000366210938,4121700
2019-12-09,69.11795806884766,83.98999786376953,84.08999633789062,83.9800033569336,84.08000183105469,2795100
2019-12-10,69.06857299804688,83.93000030517578,84.05000305175781,83.9000015258789,84.04000091552734,2700500
2019-12-11,69.29898071289062,84.20999908447266,84.25,84.04000091552734,84.06999969482422,2581800
2019-12-12,68.96981811523438,83.80999755859375,84.16000366210938,83.70999908447266,84.1500015258789,4645900
2019-12-13,69.28252410888672,84.19000244140625,84.2300033569336,83.86000061035156,84.02999877929688,3877700
2019-12-16,69.09326171875,83.95999908447266,84.06999969482422,83.94000244140625,84.05000305175781,2876500
2019-12-17,69.10147857666016,83.97000122070312,84.0999984741211,83.94000244140625,84.08000183105469,3282700
2019-12-18,69.01097869873047,83.86000061035156,83.98999786376953,83.80000305175781,83.98999786376953,3786100
2019-12-19,69.06029510498047,83.91999816894531,83.98999786376953,83.83000183105469,83.87999725341797,3240600
2019-12-20,69.07679748535156,83.94000244140625,83.95999908447266,83.81999969482422,83.87000274658203,3646300
2019-12-23,69.0330810546875,83.69999694824219,83.80000305175781,83.62999725341797,83.79000091552734,4192500
2019-12-24,69.09906005859375,83.77999877929688,83.80000305175781,83.61000061035156,83.62999725341797,1682800
2019-12-26,69.16504669189453,83.86000061035156,83.86000061035156,83.72000122070312,83.81999969482422,2036400
2019-12-27,69.26399993896484,83.9800033569336,83.98999786376953,83.93000030517578,83.95999908447266,1940300
2019-12-30,69.23926544189453,83.94999694824219,83.94999694824219,83.7300033569336,83.76000213623047,2562000
2019-12-31,69.16504669189453,83.86000061035156,83.91999816894531,83.7699966430664,83.8499984741211,5931300
2020-01-02,69.25579833984375,83.97000122070312,84.11000061035156,83.93000030517578,83.9800033569336,5511000
2020-01-03,69.50320434570312,84.2699966430664,84.29000091552734,84.0999984741211,84.18000030517578,5368300
2020-01-06,69.42073822021484,84.16999816894531,84.30999755859375,84.11000061035156,84.30000305175781,3710400
2020-01-07,69.36300659179688,84.0999984741211,84.19999694824219,84.06999969482422,84.19999694824219,3029900
2020-01-08,69.25579833984375,83.97000122070312,84.19999694824219,83.9000015258789,84.12999725341797,3674400
2020-01-09,69.3382568359375,84.06999969482422,84.0999984741211,83.86000061035156,83.91000366210938,5886600
2020-01-10,69.45374298095703,84.20999908447266,84.23999786376953,84.0999984741211,84.16000366210938,4525700
2020-01-13,69.41249084472656,84.16000366210938,84.18000030517578,84.0999984741211,84.18000030517578,3735700
2020-01-14,69.51145935058594,84.27999877929688,84.29000091552734,84.18000030517578,84.19999694824219,3492300
2020-01-15,69.61865997314453,84.41000366210938,84.41000366210938,84.30999755859375,84.4000015258789,2594300
2020-01-16,69.57744598388672,84.36000061035156,84.43000030517578,84.30999755859375,84.37000274658203,4784100
2020-01-17,69.5691909790039,84.3499984741211,84.36000061035156,84.25,84.2699966430664,3090600
2020-01-21,69.74239349365234,84.55999755859375,84.58999633789062,84.41999816894531,84.48999786376953,2910600
2020-01-22,69.80010986328125,84.62999725341797,84.62999725341797,84.55999755859375,84.58999633789062,4192100
2020-01-23,69.9238052368164,84.77999877929688,84.83000183105469,84.72000122070312,84.77999877929688,3104800
2020-01-24,70.03108215332031,84.91000366210938,85.0,84.80000305175781,84.83000183105469,4548400
2020-01-27,70.26200103759766,85.19000244140625,85.19999694824219,85.0999984741211,85.16999816894531,3208600
2020-01-28,70.1382827758789,85.04000091552734,85.13999938964844,84.9800033569336,85.12999725341797,3993400
2020-01-29,70.33619689941406,85.27999877929688,85.33000183105469,85.13999938964844,85.16999816894531,4177500
2020-01-30,70.35273742675781,85.30000305175781,85.44999694824219,85.2300033569336,85.36000061035156,4795700
2020-01-31,70.53416442871094,85.5199966430664,85.58000183105469,85.37999725341797,85.4000015258789,6264000
2020-02-03,70.47049713134766,85.26000213623047,85.30000305175781,85.08999633789062,85.22000122070312,6030800
2020-02-04,70.255615234375,85.0,85.04000091552734,84.91999816894531,85.02999877929688,4180900
2020-02-05,70.13988494873047,84.86000061035156,84.94000244140625,84.83000183105469,84.88999938964844,3537200
2020-02-06,70.20603942871094,84.94000244140625,84.95999908447266,84.8499984741211,84.91000366210938,3435700
2020-02-07,70.42094421386719,85.19999694824219,85.2300033569336,85.11000061035156,85.16999816894531,4169700
2020-02-10,70.52837371826172,85.33000183105469,85.38999938964844,85.2699966430664,85.3499984741211,2785500
2020-02-11,70.41265869140625,85.19000244140625,85.31999969482422,85.18000030517578,85.29000091552734,3799400
2020-02-12,70.33000946044922,85.08999633789062,85.12999725341797,85.05000305175781,85.0999984741211,4127500
2020-02-13,70.3961410522461,85.16999816894531,85.2300033569336,85.0999984741211,85.13999938964844,2852500
2020-02-14,70.47049713134766,85.26000213623047,85.33999633789062,85.25,85.31999969482422,3069000
2020-02-18,70.57796478271484,85.38999938964844,85.47000122070312,85.31999969482422,85.43000030517578,3645200
2020-02-19,70.5697021484375,85.37999725341797,85.43000030517578,85.31999969482422,85.36000061035156,3109600
2020-02-20,70.7432632446289,85.58999633789062,85.58999633789062,85.44999694824219,85.4800033569336,8404000
2020-02-21,70.91686248779297,85.80000305175781,85.93000030517578,85.7300033569336,85.76000213623047,6561500
2020-02-24,71.13999938964844,86.06999969482422,86.19000244140625,86.05999755859375,86.16999816894531,6314500
2020-02-25,71.19791412353516,86.13999938964844,86.25,86.06999969482422,86.08999633789062,7928900
2020-02-26,71.15653991699219,86.08999633789062,86.29000091552734,86.0,86.08000183105469,8015900
2020-02-27,71.23917388916016,86.19000244140625,86.37999725341797,86.12000274658203,86.26000213623047,9514600
2020-02-28,71.7103042602539,86.76000213623047,86.87000274658203,86.4000015258789,86.5199966430664,16377200
2020-03-02,71.66315460205078,86.52999877929688,86.91000366210938,86.5,86.81999969482422,10154400
2020-03-03,72.09375762939453,87.05000305175781,87.5199966430664,86.54000091552734,86.56999969482422,9323900
2020-03-04,72.07720184326172,87.02999877929688,87.4000015258789,87.0,87.26000213623047,7445600
2020-03-05,72.35051727294922,87.36000061035156,87.5,87.27999877929688,87.37999725341797,5385000
2020-03-06,72.84742736816406,87.95999908447266,88.26000213623047,87.66000366210938,88.20999908447266,10176200
2020-03-09,72.69009399414062,87.7699966430664,89.31999969482422,87.72000122070312,89.26000213623047,12445600
2020-03-10,71.71280670166016,86.58999633789062,87.69000244140625,86.58999633789062,87.44000244140625,14177600
2020-03-11,70.35458374023438,84.94999694824219,87.23999786376953,84.87000274658203,86.77999877929688,10511600
2020-03-12,66.52835845947266,80.33000183105469,84.88999938964844,76.48999786376953,83.4800033569336,16986900
2020-03-13,69.33592224121094,83.72000122070312,84.44999694824219,81.5,81.69000244140625,14137500
2020-03-16,70.06470489501953,84.5999984741211,84.6500015258789,79.51000213623047,81.31999969482422,8411000
2020-03-17,68.6153793334961,82.8499984741211,84.72000122070312,82.79000091552734,83.55000305175781,13629700
2020-03-18,66.9590072631836,80.8499984741211,82.66999816894531,80.30999755859375,81.44000244140625,10076800
2020-03-19,66.91759490966797,80.80000305175781,81.58000183105469,79.58000183105469,79.73999786376953,11007200
2020-03-20,68.05220031738281,82.16999816894531,82.55000305175781,80.69000244140625,80.69999694824219,8864500
2020-03-23,69.55950164794922,83.98999786376953,83.98999786376953,81.19999694824219,81.20999908447266,10973300
2020-03-24,69.63404846191406,84.08000183105469,84.23999786376953,82.73999786376953,82.94999694824219,9371200
2020-03-25,70.5699234008789,85.20999908447266,85.6500015258789,84.13999938964844,84.13999938964844,9655500
2020-03-26,70.89290618896484,85.5999984741211,85.69000244140625,85.04000091552734,85.05000305175781,10803800
2020-03-27,71.27388000488281,86.05999755859375,86.13999938964844,85.20999908447266,85.37000274658203,4975200
2020-03-30,71.3484115600586,86.1500015258789,86.56999969482422,86.0199966430664,86.0199966430664,6030800
2020-03-31,70.6858901977539,85.3499984741211,86.41999816894531,85.3499984741211,86.25,8523900
2020-04-01,71.05109405517578,85.5999984741211,86.26000213623047,85.55000305175781,86.12000274658203,5995000
2020-04-02,71.38309478759766,86.0,86.18000030517578,85.88999938964844,86.12000274658203,6356100
2020-04-03,71.34992218017578,85.95999908447266,86.12999725341797,85.83000183105469,86.05000305175781,4151200
2020-04-06,71.57396697998047,86.2300033569336,86.30000305175781,86.0,86.30000305175781,4373100
2020-04-07,71.640380859375,86.30999755859375,86.38999938964844,86.05999755859375,86.2300033569336,6009600
2020-04-08,71.82302856445312,86.52999877929688,86.52999877929688,86.19999694824219,86.30000305175781,4572300
2020-04-09,72.61155700683594,87.4800033569336,87.4800033569336,86.75,86.75,5070700
2020-04-13,72.3791275024414,87.19999694824219,87.38999938964844,86.94000244140625,87.38999938964844,7018100
2020-04-14,72.3791275024414,87.19999694824219,87.38999938964844,87.11000061035156,87.38999938964844,5818300
2020-04-15,72.73603057861328,87.62999725341797,87.6500015258789,87.19999694824219,87.23999786376953,3922500
2020-04-16,72.7775650024414,87.68000030517578,87.80000305175781,87.5,87.62999725341797,3459600
2020-04-17,72.6778793334961,87.55999755859375,87.86000061035156,87.41999816894531,87.70999908447266,3528300
2020-04-20,72.56175231933594,87.41999816894531,87.54000091552734,87.33999633789062,87.52999877929688,3705200
2020-04-21,72.65303039550781,87.52999877929688,87.70999908447266,87.44000244140625,87.69999694824219,4513000
2020-04-22,72.59490966796875,87.45999908447266,87.5199966430664,87.33000183105469,87.44999694824219,3240100
2020-04-23,72.71116638183594,87.5999984741211,87.66999816894531,87.5,87.56999969482422,2587200
2020-04-24,72.68626403808594,87.56999969482422,87.62000274658203,87.47000122070312,87.55999755859375,2272600
2020-04-27,72.4289321899414,87.26000213623047,87.55000305175781,87.23999786376953,87.52999877929688,3117300
2020-04-28,72.64479064941406,87.5199966430664,87.55000305175781,87.4000015258789,87.5,3118800
2020-04-29,72.69456481933594,87.58000183105469,87.70999908447266,87.4800033569336,87.63999938964844,4867500
2020-04-30,72.63645935058594,87.51000213623047,87.72000122070312,87.5,87.69000244140625,5390100
2020-05-01,72.60649871826172,87.30000305175781,87.44999694824219,87.16000366210938,87.37999725341797,4857100
2020-05-04,72.68135833740234,87.38999938964844,87.41999816894531,87.2699966430664,87.33999633789062,7276600
2020-05-05,72.61480712890625,87.30999755859375,87.37000274658203,87.27999877929688,87.30999755859375,3625600
2020-05-06,72.29045104980469,86.91999816894531,87.27999877929688,86.86000061035156,87.23999786376953,5006600
2020-05-07,72.52333068847656,87.19999694824219,87.23999786376953,86.97000122070312,87.18000030517578,3425600
2020-05-08,72.31544494628906,86.94999694824219,87.16999816894531,86.9000015258789,87.12999725341797,3078900
2020-05-11,72.09083557128906,86.68000030517578,86.97000122070312,86.62999725341797,86.93000030517578,4344300
2020-05-12,72.32373046875,86.95999908447266,87.06999969482422,86.77999877929688,86.87000274658203,3942700
2020-05-13,72.40689086914062,87.05999755859375,87.19000244140625,87.01000213623047,87.13999938964844,2628900
2020-05-14,72.60649871826172,87.30000305175781,87.30000305175781,87.18000030517578,87.2300033569336,2844700
2020-05-15,72.64808654785156,87.3499984741211,87.51000213623047,87.27999877929688,87.51000213623047,2871300
2020-05-18,72.51499938964844,87.19000244140625,87.38999938964844,87.06999969482422,87.38999938964844,3573700
2020-05-19,72.60649871826172,87.30000305175781,87.30999755859375,87.16000366210938,87.2699966430664,3083000
2020-05-20,72.79778289794922,87.52999877929688,87.56999969482422,87.2699966430664,87.37000274658203,4388600
2020-05-21,72.8726577758789,87.62000274658203,87.69000244140625,87.55999755859375,87.5999984741211,5762200
2020-05-22,72.89759826660156,87.6500015258789,87.68000030517578,87.61000061035156,87.68000030517578,3710300
2020-05-26,72.8559799194336,87.5999984741211,87.66000366210938,87.52999877929688,87.66000366210938,5193900
2020-05-27,72.88925170898438,87.63999938964844,87.77999877929688,87.56999969482422,87.75,7606400
2020-05-28,72.91422271728516,87.66999816894531,87.66999816894531,87.5,87.55000305175781,7381900
2020-05-29,73.12215423583984,87.91999816894531,87.94000244140625,87.62999725341797,87.72000122070312,6196500
2020-06-01,73.06295776367188,87.68000030517578,87.68000030517578,87.55000305175781,87.58999633789062,4345600
2020-06-02,73.1213150024414,87.75,87.75,87.62999725341797,87.66999816894531,5445500
2020-06-03,72.95466613769531,87.55000305175781,87.68000030517578,87.45999908447266,87.62999725341797,5036400
2020-06-04,72.77964782714844,87.33999633789062,87.63999938964844,87.30000305175781,87.61000061035156,6341700
2020-06-05,72.7713394165039,87.33000183105469,87.33000183105469,87.02999877929688,87.19999694824219,6465600
2020-06-08,72.84632110595703,87.41999816894531,87.48999786376953,87.22000122070312,87.27999877929688,4491000
2020-06-09,72.89633178710938,87.4800033569336,87.62000274658203,87.4800033569336,87.58999633789062,5445200
2020-06-10,73.20462036132812,87.8499984741211,87.8499984741211,87.5,87.63999938964844,3951600
2020-06-11,73.0713119506836,87.69000244140625,87.94000244140625,87.68000030517578,87.94000244140625,5026500
2020-06-12,73.14630889892578,87.77999877929688,87.91000366210938,87.69000244140625,87.83000183105469,4087300
2020-06-15,73.29630279541016,87.95999908447266,88.05999755859375,87.79000091552734,87.86000061035156,4486100
2020-06-16,73.20462036132812,87.8499984741211,88.08999633789062,87.77999877929688,88.08999633789062,9338500
2020-06-17,73.22132110595703,87.87000274658203,87.94000244140625,87.70999908447266,87.93000030517578,3900300
2020-06-18,73.30462646484375,87.97000122070312,88.0,87.87999725341797,87.94000244140625,2988600
2020-06-19,73.32963562011719,88.0,88.0199966430664,87.94000244140625,87.94000244140625,2606400
2020-06-22,73.30462646484375,87.97000122070312,88.16000366210938,87.94999694824219,88.12000274658203,3048400
2020-06-23,73.27130126953125,87.93000030517578,88.0199966430664,87.91000366210938,88.01000213623047,3037100
2020-06-24,73.27964782714844,87.94000244140625,88.0,87.8499984741211,87.91000366210938,3256700
2020-06-25,73.35464477539062,88.02999877929688,88.13999938964844,88.0,88.12999725341797,4318400
2020-06-26,73.48796081542969,88.19000244140625,88.20999908447266,88.05000305175781,88.16999816894531,2911700
2020-06-29,73.53795623779297,88.25,88.26000213623047,88.12999725341797,88.22000122070312,3047300
2020-06-30,73.61296081542969,88.33999633789062,88.36000061035156,88.16999816894531,88.3499984741211,5405900
2020-07-01,73.63131713867188,88.19999694824219,88.19999694824219,88.0,88.13999938964844,3569200
2020-07-02,73.74819946289062,88.33999633789062,88.33999633789062,88.16999816894531,88.2300033569336,4007000
2020-07-06,73.72318267822266,88.30999755859375,88.33000183105469,88.18000030517578,88.25,4026800
2020-07-07,73.84001922607422,88.44999694824219,88.44999694824219,88.29000091552734,88.37000274658203,3300800
2020-07-08,73.79830169677734,88.4000015258789,88.48999786376953,88.3499984741211,88.4800033569336,2908100
2020-07-09,73.99866485595703,88.63999938964844,88.69000244140625,88.43000030517578,88.44999694824219,3189700
2020-07-10,73.91516876220703,88.54000091552734,88.75,88.5199966430664,88.75,2960500
2020-07-13,73.94856262207031,88.58000183105469,88.5999984741211,88.48999786376953,88.52999877929688,3115800
2020-07-14,74.04039764404297,88.69000244140625,88.73999786376953,88.63999938964844,88.66999816894531,3067300
2020-07-15,74.0487289428711,88.69999694824219,88.7699966430664,88.62999725341797,88.72000122070312,3349900
2020-07-16,74.09883117675781,88.76000213623047,88.86000061035156,88.76000213623047,88.81999969482422,2856100
2020-07-17,74.17398071289062,88.8499984741211,88.93000030517578,88.7699966430664,88.91000366210938,2430300
2020-07-20,74.24910736083984,88.94000244140625,89.0,88.87999725341797,89.0,2771000
2020-07-21,74.29084014892578,88.98999786376953,89.04000091552734,88.97000122070312,89.01000213623047,3044700
2020-07-22,74.3910140991211,89.11000061035156,89.13999938964844,89.05000305175781,89.12000274658203,5609100
2020-07-23,74.4577865600586,89.19000244140625,89.23999786376953,89.1500015258789,89.23999786376953,4394900
2020-07-24,74.44105529785156,89.16999816894531,89.2300033569336,89.08999633789062,89.16000366210938,2980400
2020-07-27,74.3910140991211,89.11000061035156,89.27999877929688,89.0,89.2699966430664,5146900
2020-07-28,74.42438507080078,89.1500015258789,89.23999786376953,89.08000183105469,89.20999908447266,5547800
2020-07-29,74.5412826538086,89.29000091552734,89.29000091552734,89.16000366210938,89.19999694824219,3136200
2020-07-30,74.58299255371094,89.33999633789062,89.37000274658203,89.30000305175781,89.31999969482422,2621100
2020-07-31,74.68315887451172,89.45999908447266,89.47000122070312,89.2699966430664,89.3499984741211,5110000
2020-08-03,74.65723419189453,89.2699966430664,89.33000183105469,89.16999816894531,89.31999969482422,6270000
2020-08-04,74.81615447998047,89.45999908447266,89.45999908447266,89.3499984741211,89.37000274658203,5325100
2020-08-05,74.71580505371094,89.33999633789062,89.38999938964844,89.27999877929688,89.37000274658203,4931500
2020-08-06,74.83293151855469,89.4800033569336,89.58000183105469,89.44000244140625,89.4800033569336,3933400
2020-08-07,74.7492446899414,89.37999725341797,89.58999633789062,89.3499984741211,89.55000305175781,3764400
2020-08-10,74.66563415527344,89.27999877929688,89.5,89.2699966430664,89.4800033569336,3708400
2020-08-11,74.4063720703125,88.97000122070312,89.0999984741211,88.87999725341797,89.0999984741211,8125700
2020-08-12,74.21400451660156,88.73999786376953,88.8499984741211,88.70999908447266,88.8499984741211,4530800
2020-08-13,73.97149658203125,88.44999694824219,88.7699966430664,88.36000061035156,88.7699966430664,3969800
2020-08-14,73.88783264160156,88.3499984741211,88.54000091552734,88.33000183105469,88.5,3454400
2020-08-17,73.9798355102539,88.45999908447266,88.55000305175781,88.38999938964844,88.44000244140625,3995400
2020-08-18,74.08020782470703,88.58000183105469,88.62999725341797,88.51000213623047,88.56999969482422,6371100
2020-08-19,73.95479583740234,88.43000030517578,88.69999694824219,88.4000015258789,88.69999694824219,4628100
2020-08-20,74.08020782470703,88.58000183105469,88.68000030517578,88.56999969482422,88.66000366210938,4623400
2020-08-21,74.23910522460938,88.7699966430664,88.7699966430664,88.58000183105469,88.68000030517578,3642100
2020-08-24,74.15547180175781,88.66999816894531,88.79000091552734,88.63999938964844,88.75,2960400
2020-08-25,74.0133285522461,88.5,88.55999755859375,88.33999633789062,88.5199966430664,4830800
2020-08-26,73.97149658203125,88.44999694824219,88.51000213623047,88.3499984741211,88.47000122070312,4853800
2020-08-27,73.70386505126953,88.12999725341797,88.62000274658203,88.12000274658203,88.62000274658203,5125700
2020-08-28,73.7624282836914,88.19999694824219,88.29000091552734,88.12000274658203,88.23999786376953,4281200
2020-08-31,73.9798355102539,88.45999908447266,88.54000091552734,88.26000213623047,88.30000305175781,16000300
2020-09-01,74.18341827392578,88.55000305175781,88.56999969482422,88.18000030517578,88.25,7201700
2020-09-02,74.34260559082031,88.73999786376953,88.7699966430664,88.52999877929688,88.54000091552734,5054900
2020-09-03,74.35096740722656,88.75,88.88999938964844,88.70999908447266,88.80999755859375,7543900
2020-09-04,73.91536712646484,88.2300033569336,88.63999938964844,88.2300033569336,88.62000274658203,6588300
2020-09-08,74.02425384521484,88.36000061035156,88.48999786376953,88.31999969482422,88.41999816894531,4440300
2020-09-09,73.97402954101562,88.30000305175781,88.44999694824219,88.23999786376953,88.4000015258789,6048200
2020-09-10,73.99076843261719,88.31999969482422,88.36000061035156,88.16999816894531,88.2300033569336,5331800
2020-09-11,74.06614685058594,88.41000366210938,88.45999908447266,88.3499984741211,88.43000030517578,5301400
2020-09-14,74.06614685058594,88.41000366210938,88.52999877929688,88.4000015258789,88.48999786376953,4256400
2020-09-15,74.10800170898438,88.45999908447266,88.48999786376953,88.4000015258789,88.45999908447266,3746900
2020-09-16,74.09127807617188,88.44000244140625,88.5999984741211,88.33999633789062,88.58000183105469,4851800
2020-09-17,74.09127807617188,88.44000244140625,88.61000061035156,88.41999816894531,88.5999984741211,2815400
2020-09-18,74.00750732421875,88.33999633789062,88.5199966430664,88.33000183105469,88.5199966430664,2938800
2020-09-21,74.04938507080078,88.38999938964844,88.5,88.37999725341797,88.48999786376953,4981500
2020-09-22,74.07452392578125,88.41999816894531,88.47000122070312,88.3499984741211,88.4000015258789,4442200
2020-09-23,73.90697479248047,88.22000122070312,88.44000244140625,88.22000122070312,88.41000366210938,4659600
2020-09-24,73.91536712646484,88.2300033569336,88.33000183105469,88.19000244140625,88.31999969482422,4225900
2020-09-25,73.90697479248047,88.22000122070312,88.30000305175781,88.19000244140625,88.30000305175781,5602600
2020-09-28,73.97402954101562,88.30000305175781,88.30999755859375,88.2300033569336,88.2699966430664,4215100
2020-09-29,74.02425384521484,88.36000061035156,88.44000244140625,88.33000183105469,88.38999938964844,7929700
2020-09-30,73.90697479248047,88.22000122070312,88.30000305175781,88.12999725341797,88.27999877929688,6113600
2020-10-01,73.98246765136719,88.16000366210938,88.19000244140625,87.97000122070312,87.98999786376953,4485900
2020-10-02,73.93216705322266,88.0999984741211,88.20999908447266,87.9800033569336,88.20999908447266,5557100
2020-10-05,73.65518951416016,87.7699966430664,87.9800033569336,87.7699966430664,87.9800033569336,6298400
2020-10-06,73.75591278076172,87.88999938964844,88.04000091552734,87.73999786376953,87.86000061035156,5705900
2020-10-07,73.65518951416016,87.7699966430664,87.9000015258789,87.72000122070312,87.81999969482422,3494600
2020-10-08,73.78113555908203,87.91999816894531,87.94999694824219,87.8499984741211,87.88999938964844,5661600
2020-10-09,73.7978744506836,87.94000244140625,87.94000244140625,87.76000213623047,87.83000183105469,4105000
2020-10-12,73.9069595336914,88.06999969482422,88.0999984741211,87.95999908447266,87.98999786376953,3383500
2020-10-13,73.96571350097656,88.13999938964844,88.19999694824219,88.08999633789062,88.12000274658203,4121100
2020-10-14,74.00767517089844,88.19000244140625,88.2300033569336,88.12000274658203,88.16999816894531,6966400
2020-10-15,73.96571350097656,88.13999938964844,88.23999786376953,88.0999984741211,88.19000244140625,3877900
2020-10-16,73.9069595336914,88.06999969482422,88.20999908447266,88.04000091552734,88.16000366210938,3424500
2020-10-19,73.8398208618164,87.98999786376953,88.02999877929688,87.91999816894531,88.01000213623047,5206600
2020-10-20,73.71399688720703,87.83999633789062,87.93000030517578,87.80999755859375,87.93000030517578,4652700
2020-10-21,73.63005828857422,87.73999786376953,87.83999633789062,87.72000122070312,87.80000305175781,4115700
2020-10-22,73.504150390625,87.58999633789062,87.73999786376953,87.56999969482422,87.7300033569336,5036700
2020-10-23,73.59646606445312,87.69999694824219,87.75,87.56999969482422,87.58000183105469,3237300
2020-10-26,73.70558166503906,87.83000183105469,87.91000366210938,87.80000305175781,87.80999755859375,4177000
2020-10-27,73.8818130493164,88.04000091552734,88.05999755859375,87.9000015258789,87.97000122070312,3293100
2020-10-28,73.78113555908203,87.91999816894531,88.08999633789062,87.88999938964844,88.08999633789062,4766400
2020-10-29,73.62167358398438,87.7300033569336,87.94000244140625,87.63999938964844,87.91999816894531,4200700
2020-10-30,73.49577331542969,87.58000183105469,87.76000213623047,87.5,87.68000030517578,9731400
2020-11-02,73.59748077392578,87.55000305175781,87.62999725341797,87.5199966430664,87.55999755859375,4021200
2020-11-03,73.58070373535156,87.52999877929688,87.54000091552734,87.41999816894531,87.5199966430664,3985400
2020-11-04,74.0850830078125,88.12999725341797,88.19000244140625,88.0,88.06999969482422,5667400
2020-11-05,74.16072082519531,88.22000122070312,88.29000091552734,88.11000061035156,88.27999877929688,4128700
2020-11-06,73.99256896972656,88.0199966430664,88.06999969482422,87.91999816894531,88.01000213623047,3844500
2020-11-09,73.6479263305664,87.61000061035156,87.76000213623047,87.44000244140625,87.73999786376953,5712700
2020-11-10,73.50503540039062,87.44000244140625,87.55000305175781,87.38999938964844,87.43000030517578,5169600
2020-11-11,73.55547332763672,87.5,87.51000213623047,87.37999725341797,87.44000244140625,3365700
2020-11-12,73.79925537109375,87.79000091552734,87.79000091552734,87.5999984741211,87.6500015258789,4178500
2020-11-13,73.8244857788086,87.81999969482422,87.87999725341797,87.79000091552734,87.83000183105469,3199500
2020-11-16,73.86650085449219,87.87000274658203,87.87999725341797,87.79000091552734,87.81999969482422,4059400
2020-11-17,73.99256896972656,88.0199966430664,88.05000305175781,87.91999816894531,87.95999908447266,5537500
2020-11-18,74.07664489746094,88.12000274658203,88.12999725341797,88.05000305175781,88.12000274658203,6089500
2020-11-19,74.22795867919922,88.30000305175781,88.33999633789062,88.16999816894531,88.20999908447266,6207000
2020-11-20,74.29521179199219,88.37999725341797,88.41000366210938,88.25,88.31999969482422,6611300
2020-11-23,74.2363510131836,88.30999755859375,88.37000274658203,88.2699966430664,88.36000061035156,3506600
2020-11-24,74.16072082519531,88.22000122070312,88.31999969482422,88.19999694824219,88.30000305175781,4678800
2020-11-25,74.12710571289062,88.18000030517578,88.30999755859375,88.16999816894531,88.2699966430664,5282000
2020-11-27,74.28680419921875,88.37000274658203,88.37999725341797,88.27999877929688,88.29000091552734,2226300
2020-11-30,74.3876724243164,88.48999786376953,88.5,88.3499984741211,88.37000274658203,4729900
2020-12-01,74.16287994384766,88.08000183105469,88.2699966430664,88.0,88.26000213623047,7331400
2020-12-02,74.03659057617188,87.93000030517578,88.19000244140625,87.81999969482422,88.0199966430664,4631300
2020-12-03,74.17973327636719,88.0999984741211,88.19000244140625,88.0,88.12999725341797,3685300
2020-12-04,73.98603820800781,87.87000274658203,88.0199966430664,87.80999755859375,88.0,4880200
2020-12-07,74.08710479736328,87.98999786376953,88.06999969482422,87.95999908447266,87.9800033569336,4734800
2020-12-08,74.11235046386719,88.0199966430664,88.16000366210938,88.01000213623047,88.1500015258789,3737300
2020-12-09,73.98603820800781,87.87000274658203,87.91999816894531,87.80999755859375,87.88999938964844,5163900
2020-12-10,74.13763427734375,88.05000305175781,88.0999984741211,87.91999816894531,87.95999908447266,4731400
2020-12-11,74.25550079345703,88.19000244140625,88.2300033569336,88.12000274658203,88.16000366210938,5317100
2020-12-14,74.23021697998047,88.16000366210938,88.19000244140625,88.01000213623047,88.11000061035156,5176800
2020-12-15,74.26392364501953,88.19999694824219,88.20999908447266,88.0999984741211,88.11000061035156,6539900
2020-12-16,74.18812561035156,88.11000061035156,88.19000244140625,87.98999786376953,88.08999633789062,4186700
2020-12-17,74.2049789428711,88.12999725341797,88.30000305175781,88.04000091552734,88.2300033569336,4963600
2020-12-18,74.17973327636719,88.0999984741211,88.23999786376953,88.05999755859375,88.19000244140625,3472700
2020-12-21,74.18812561035156,88.11000061035156,88.22000122070312,88.05999755859375,88.19000244140625,5364200
2020-12-22,74.30599975585938,88.25,88.26000213623047,88.08999633789062,88.1500015258789,4697300
2020-12-23,74.2223892211914,87.86000061035156,87.87000274658203,87.69999694824219,87.86000061035156,5643700
2020-12-24,74.34911346435547,88.01000213623047,88.02999877929688,87.93000030517578,87.98999786376953,1980900
2020-12-28,74.32376098632812,87.9800033569336,88.02999877929688,87.87000274658203,87.94000244140625,4706500
2020-12-29,74.34911346435547,88.01000213623047,88.05000305175781,87.91000366210938,87.94999694824219,4884800
2020-12-30,74.39978790283203,88.06999969482422,88.08000183105469,87.9800033569336,88.02999877929688,3609800
2020-12-31,74.50116729736328,88.19000244140625,88.20999908447266,88.08999633789062,88.11000061035156,6134900
2021-01-04,74.39978790283203,88.06999969482422,88.0999984741211,87.9800033569336,88.04000091552734,7568400
2021-01-05,74.2730484008789,87.91999816894531,88.04000091552734,87.81999969482422,88.0199966430664,6452700
2021-01-06,73.94361114501953,87.52999877929688,87.61000061035156,87.33999633789062,87.61000061035156,5933700
2021-01-07,73.7915267944336,87.3499984741211,87.41999816894531,87.33000183105469,87.36000061035156,6196100
2021-01-08,73.72392272949219,87.2699966430664,87.38999938964844,87.16999816894531,87.38999938964844,7688800
2021-01-11,73.64794158935547,87.18000030517578,87.25,87.0999984741211,87.25,5404300
2021-01-12,73.63105010986328,87.16000366210938,87.16000366210938,86.94000244140625,87.08999633789062,6078800
2021-01-13,73.82535552978516,87.38999938964844,87.51000213623047,87.22000122070312,87.2699966430664,7357100
2021-01-14,73.73240661621094,87.27999877929688,87.5,87.20999908447266,87.4000015258789,7191900
2021-01-15,73.7915267944336,87.3499984741211,87.43000030517578,87.27999877929688,87.33999633789062,4083600
2021-01-19,73.89293670654297,87.47000122070312,87.4800033569336,87.30000305175781,87.37000274658203,7636500
2021-01-20,73.88447570800781,87.45999908447266,87.5,87.4000015258789,87.41999816894531,5889500
2021-01-21,73.78309631347656,87.33999633789062,87.4000015258789,87.2699966430664,87.33000183105469,7890800
2021-01-22,73.81684875488281,87.37999725341797,87.41999816894531,87.30999755859375,87.41000366210938,4439800
2021-01-25,73.98583221435547,87.58000183105469,87.58999633789062,87.44999694824219,87.48999786376953,5126900
2021-01-26,73.97738647460938,87.56999969482422,87.62000274658203,87.5,87.54000091552734,4608700
2021-01-27,73.97738647460938,87.56999969482422,87.69999694824219,87.55999755859375,87.62999725341797,4248500
2021-01-28,73.91826629638672,87.5,87.56999969482422,87.41000366210938,87.55999755859375,4359300
2021-01-29,73.859130859375,87.43000030517578,87.4800033569336,87.29000091552734,87.29000091552734,6088400
2021-02-01,73.8836898803711,87.31999969482422,87.37000274658203,87.2300033569336,87.23999786376953,5774700
2021-02-02,73.79060363769531,87.20999908447266,87.23999786376953,87.16999816894531,87.20999908447266,4554500
2021-02-03,73.6636734008789,87.05999755859375,87.16999816894531,87.05999755859375,87.1500015258789,4271700
2021-02-04,73.68058776855469,87.08000183105469,87.11000061035156,86.94000244140625,87.05000305175781,4652200
2021-02-05,73.57906341552734,86.95999908447266,87.12999725341797,86.94999694824219,87.08000183105469,4401300
2021-02-08,73.6636734008789,87.05999755859375,87.12000274658203,86.94000244140625,86.97000122070312,5571500
2021-02-09,73.62982940673828,87.0199966430664,87.13999938964844,87.01000213623047,87.05999755859375,4474000
2021-02-10,73.74830627441406,87.16000366210938,87.16000366210938,87.06999969482422,87.12000274658203,3735500
2021-02-11,73.67212677001953,87.06999969482422,87.19000244140625,87.0199966430664,87.16000366210938,4578200
2021-02-12,73.4775161743164,86.83999633789062,86.97000122070312,86.80999755859375,86.93000030517578,4825400
2021-02-16,73.130615234375,86.43000030517578,86.58999633789062,86.41000366210938,86.56999969482422,6702200
2021-02-17,73.28289031982422,86.61000061035156,86.62000274658203,86.48999786376953,86.58000183105469,5217000
2021-02-18,73.24063873291016,86.55999755859375,86.5999984741211,86.41999816894531,86.4800033569336,4607000
2021-02-19,72.98676300048828,86.26000213623047,86.44999694824219,86.19999694824219,86.43000030517578,4011100
2021-02-22,72.78369140625,86.0199966430664,86.29000091552734,86.0,86.19000244140625,4809400
2021-02-23,72.76679992675781,86.0,86.05000305175781,85.81999969482422,85.87000274658203,6475900
2021-02-24,72.72447204589844,85.94999694824219,85.98999786376953,85.62000274658203,85.68000030517578,5164600
2021-02-25,72.08988189697266,85.19999694824219,85.66000366210938,84.91999816894531,85.5999984741211,9956100
2021-02-26,72.716064453125,85.94000244140625,85.94000244140625,85.30000305175781,85.56999969482422,8580200
2021-03-01,72.62194061279297,85.69999694824219,85.75,85.52999877929688,85.61000061035156,7152000
2021-03-02,72.61348724365234,85.69000244140625,85.70999908447266,85.5999984741211,85.6500015258789,5338800
2021-03-03,72.38465881347656,85.41999816894531,85.5199966430664,85.33000183105469,85.47000122070312,6022500
2021-03-04,72.15589904785156,85.1500015258789,85.4800033569336,85.05000305175781,85.44999694824219,9701800
2021-03-05,72.11351013183594,85.0999984741211,85.12999725341797,84.91999816894531,85.0,6871000
2021-03-08,71.78298950195312,84.70999908447266,85.0,84.70999908447266,84.95999908447266,5806700
2021-03-09,72.02030181884766,84.98999786376953,85.06999969482422,84.93000030517578,84.93000030517578,7671800
2021-03-10,72.15589904785156,85.1500015258789,85.20999908447266,85.04000091552734,85.06999969482422,5286700
2021-03-11,72.16436767578125,85.16000366210938,85.2300033569336,85.04000091552734,85.13999938964844,5510000
2021-03-12,71.73216247558594,84.6500015258789,84.75,84.58000183105469,84.73999786376953,5717100
2021-03-15,71.81693267822266,84.75,84.80000305175781,84.66000366210938,84.66000366210938,5012200
2021-03-16,71.8084487915039,84.73999786376953,84.8499984741211,84.66000366210938,84.80000305175781,6159100
2021-03-17,71.78298950195312,84.70999908447266,84.80000305175781,84.44000244140625,84.5999984741211,7370600
2021-03-18,71.4864501953125,84.36000061035156,84.47000122070312,84.22000122070312,84.30000305175781,4905200
2021-03-19,71.54573059082031,84.43000030517578,84.87000274658203,84.30000305175781,84.80000305175781,4969200
2021-03-22,71.74911499023438,84.66999816894531,84.70999908447266,84.55000305175781,84.62999725341797,4748300
2021-03-23,71.91012573242188,84.86000061035156,84.87999725341797,84.68000030517578,84.87000274658203,5148600
2021-03-24,72.02030181884766,84.98999786376953,85.0,84.73999786376953,84.76000213623047,5148200
2021-03-25,71.96945190429688,84.93000030517578,85.05999755859375,84.83000183105469,85.02999877929688,3876300
2021-03-26,71.84233093261719,84.77999877929688,84.91999816894531,84.7300033569336,84.76000213623047,3376200
2021-03-29,71.74911499023438,84.66999816894531,84.83000183105469,84.58000183105469,84.80000305175781,3775500
2021-03-30,71.82538604736328,84.76000213623047,84.7699966430664,84.51000213623047,84.56999969482422,4769200
2021-03-31,71.79148864746094,84.72000122070312,84.8499984741211,84.62999725341797,84.76000213623047,6949300
2021-04-01,72.02251434326172,84.80000305175781,84.83999633789062,84.66999816894531,84.77999877929688,4780200
2021-04-05,71.91210174560547,84.66999816894531,84.70999908447266,84.55000305175781,84.62000274658203,8200600
2021-04-06,72.16690826416016,84.97000122070312,84.98999786376953,84.76000213623047,84.77999877929688,5400600
2021-04-07,72.08198547363281,84.87000274658203,85.0199966430664,84.8499984741211,84.9000015258789,5480200
2021-04-08,72.24333190917969,85.05999755859375,85.06999969482422,84.94999694824219,84.97000122070312,3872300
2021-04-09,72.14990234375,84.94999694824219,85.06999969482422,84.8499984741211,84.97000122070312,9748500
2021-04-12,72.1329116821289,84.93000030517578,84.93000030517578,84.8499984741211,84.93000030517578,3995700
2021-04-13,72.31979370117188,85.1500015258789,85.1500015258789,84.88999938964844,84.88999938964844,4097500
2021-04-14,72.2687759399414,85.08999633789062,85.12999725341797,85.01000213623047,85.05999755859375,4592300
2021-04-15,72.57456970214844,85.44999694824219,85.55999755859375,85.2699966430664,85.33000183105469,5395000
2021-04-16,72.37921905517578,85.22000122070312,85.30999755859375,85.05999755859375,85.22000122070312,6199700
2021-04-19,72.3367919921875,85.16999816894531,85.19000244140625,85.05999755859375,85.11000061035156,6165300
2021-04-20,72.4556884765625,85.30999755859375,85.36000061035156,85.13999938964844,85.1500015258789,6383700
2021-04-21,72.53211975097656,85.4000015258789,85.4000015258789,85.23999786376953,85.27999877929688,4508300
2021-04-22,72.56607818603516,85.44000244140625,85.45999908447266,85.29000091552734,85.41000366210938,4007800
2021-04-23,72.57456970214844,85.44999694824219,85.5,85.3499984741211,85.4800033569336,6435700
2021-04-26,72.52362060546875,85.38999938964844,85.48999786376953,85.37000274658203,85.45999908447266,3797400
2021-04-27,72.3367919921875,85.16999816894531,85.37000274658203,85.1500015258789,85.37000274658203,4450300
2021-04-28,72.37071990966797,85.20999908447266,85.2300033569336,85.02999877929688,85.19999694824219,5479200
2021-04-29,72.3113021850586,85.13999938964844,85.13999938964844,84.94999694824219,85.05999755859375,6247600
2021-04-30,72.41320037841797,85.26000213623047,85.26000213623047,85.11000061035156,85.22000122070312,6867600
2021-05-03,72.43108367919922,85.1500015258789,85.30999755859375,85.11000061035156,85.12000274658203,4601200
2021-05-04,72.52467346191406,85.26000213623047,85.38999938964844,85.20999908447266,85.23999786376953,5520300
2021-05-05,72.56717681884766,85.30999755859375,85.33999633789062,85.16999816894531,85.20999908447266,5950300
2021-05-06,72.60118865966797,85.3499984741211,85.4000015258789,85.23999786376953,85.25,4143600
2021-05-07,72.60969543457031,85.36000061035156,85.5999984741211,85.30000305175781,85.4800033569336,4886300
2021-05-10,72.43959045410156,85.16000366210938,85.38999938964844,85.13999938964844,85.37000274658203,6211800
2021-05-11,72.29496002197266,84.98999786376953,85.04000091552734,84.94000244140625,85.0199966430664,6630800
2021-05-12,72.03977966308594,84.69000244140625,84.8499984741211,84.66000366210938,84.8499984741211,7011700
2021-05-13,72.18437957763672,84.86000061035156,84.9000015258789,84.68000030517578,84.68000030517578,6991000
2021-05-14,72.3544921875,85.05999755859375,85.05999755859375,84.91999816894531,84.9800033569336,6262100
2021-05-17,72.28646850585938,84.9800033569336,85.04000091552734,84.94999694824219,85.04000091552734,4753000
2021-05-18,72.20988464355469,84.88999938964844,84.93000030517578,84.8499984741211,84.91000366210938,4631000
2021-05-19,72.13333892822266,84.80000305175781,85.0,84.69999694824219,84.91000366210938,6511300
2021-05-20,72.37153625488281,85.08000183105469,85.08999633789062,84.88999938964844,84.88999938964844,5283900
2021-05-21,72.38853454589844,85.0999984741211,85.1500015258789,85.02999877929688,85.12000274658203,5050800
2021-05-24,72.47358703613281,85.19999694824219,85.23999786376953,85.13999938964844,85.1500015258789,6954500
2021-05-25,72.66072845458984,85.41999816894531,85.41999816894531,85.23999786376953,85.25,5235500
2021-05-26,72.63521575927734,85.38999938964844,85.45999908447266,85.31999969482422,85.37000274658203,4834400
2021-05-27,72.5331039428711,85.2699966430664,85.33999633789062,85.19999694824219,85.31999969482422,5215200
2021-05-28,72.52467346191406,85.26000213623047,85.38999938964844,85.25,85.2699966430664,5258500
2021-06-01,72.5195083618164,85.12000274658203,85.13999938964844,84.9800033569336,85.06999969482422,5398000
2021-06-02,72.5962142944336,85.20999908447266,85.2300033569336,85.08999633789062,85.11000061035156,5479900
2021-06-03,72.45988464355469,85.05000305175781,85.12999725341797,85.02999877929688,85.12999725341797,4829000
2021-06-04,72.74954986572266,85.38999938964844,85.38999938964844,85.13999938964844,85.16000366210938,19321400
2021-06-07,72.69844055175781,85.33000183105469,85.36000061035156,85.29000091552734,85.33000183105469,10706500
2021-06-08,72.8347396850586,85.48999786376953,85.51000213623047,85.44000244140625,85.48999786376953,5099600
2021-06-09,72.97958374023438,85.66000366210938,85.73999786376953,85.5999984741211,85.69000244140625,4810300
2021-06-10,73.13294219970703,85.83999633789062,85.86000061035156,85.51000213623047,85.54000091552734,7400300
2021-06-11,73.11589813232422,85.81999969482422,85.8499984741211,85.73999786376953,85.81999969482422,4194500
2021-06-14,72.928466796875,85.5999984741211,85.76000213623047,85.58000183105469,85.76000213623047,4438400
2021-06-15,72.928466796875,85.5999984741211,85.62999725341797,85.5199966430664,85.55999755859375,6173600
2021-06-16,72.72401428222656,85.36000061035156,85.7300033569336,85.26000213623047,85.68000030517578,7302400
2021-06-17,72.9710693359375,85.6500015258789,85.87000274658203,85.4800033569336,85.5,6467500
2021-06-18,73.20111083984375,85.91999816894531,85.98999786376953,85.62999725341797,85.72000122070312,5842800
2021-06-21,72.9455337524414,85.62000274658203,85.75,85.5999984741211,85.72000122070312,7907000
2021-06-22,73.04773712158203,85.73999786376953,85.75,85.51000213623047,85.5199966430664,4082900
2021-06-23,72.99664306640625,85.68000030517578,85.76000213623047,85.62999725341797,85.69000244140625,5739900
2021-06-24,73.03071594238281,85.72000122070312,85.77999877929688,85.69000244140625,85.7300033569336,4852100
2021-06-25,72.89437866210938,85.55999755859375,85.75,85.44999694824219,85.73999786376953,6018500
2021-06-28,73.09034729003906,85.79000091552734,85.83999633789062,85.66999816894531,85.69000244140625,5664100
2021-06-29,73.12439727783203,85.83000183105469,85.83000183105469,85.66000366210938,85.66000366210938,10672700
2021-06-30,73.1755599975586,85.88999938964844,85.9800033569336,85.87000274658203,85.9000015258789,4846600
2021-07-01,73.16871643066406,85.75,85.77999877929688,85.62999725341797,85.7300033569336,5768000
2021-07-02,73.29669952392578,85.9000015258789,85.9000015258789,85.73999786376953,85.76000213623047,4315700
2021-07-06,73.56119537353516,86.20999908447266,86.2699966430664,86.0,86.0,5711600
2021-07-07,73.71481323242188,86.38999938964844,86.44000244140625,86.2300033569336,86.30000305175781,5933900
2021-07-08,73.7830810546875,86.47000122070312,86.56999969482422,86.37999725341797,86.44000244140625,6991200
2021-07-09,73.55271911621094,86.19999694824219,86.2699966430664,86.19999694824219,86.2699966430664,10304900
2021-07-12,73.52710723876953,86.16999816894531,86.29000091552734,86.12000274658203,86.26000213623047,9073900
2021-07-13,73.29669952392578,85.9000015258789,86.2300033569336,85.87000274658203,86.16000366210938,8583600
2021-07-14,73.54415893554688,86.19000244140625,86.20999908447266,86.05999755859375,86.08000183105469,5036200
2021-07-15,73.72332763671875,86.4000015258789,86.41000366210938,86.18000030517578,86.33999633789062,3423000
2021-07-16,73.65509033203125,86.31999969482422,86.37000274658203,86.19000244140625,86.19999694824219,5725100
2021-07-19,74.07320404052734,86.80999755859375,86.88999938964844,86.68000030517578,86.70999908447266,6493300
2021-07-20,73.99641418457031,86.72000122070312,87.08000183105469,86.66999816894531,87.05000305175781,6762200
2021-07-21,73.75746154785156,86.44000244140625,86.54000091552734,86.36000061035156,86.48999786376953,6293000
2021-07-22,73.91958618164062,86.62999725341797,86.69999694824219,86.44999694824219,86.44999694824219,4894900
2021-07-23,73.83426666259766,86.52999877929688,86.55999755859375,86.4000015258789,86.41000366210938,8887500
2021-07-26,73.79159545898438,86.4800033569336,86.62999725341797,86.44999694824219,86.62999725341797,5427900
2021-07-27,73.97931671142578,86.69999694824219,86.72000122070312,86.5999984741211,86.68000030517578,4344100
2021-07-28,74.0475845336914,86.77999877929688,86.77999877929688,86.5,86.58999633789062,6636700
2021-07-29,73.91958618164062,86.62999725341797,86.69000244140625,86.58000183105469,86.5999984741211,5201000
2021-07-30,74.03050231933594,86.76000213623047,86.77999877929688,86.66999816894531,86.69999694824219,7557200
2021-08-02,74.2065658569336,86.83000183105469,86.94000244140625,86.62999725341797,86.68000030517578,4660800
2021-08-03,74.22367095947266,86.8499984741211,86.94000244140625,86.80999755859375,86.83999633789062,5297700
2021-08-04,74.22367095947266,86.8499984741211,87.05000305175781,86.63999938964844,87.01000213623047,3916900
2021-08-05,74.05274200439453,86.6500015258789,86.79000091552734,86.62000274658203,86.7699966430664,4613800
2021-08-06,73.70234680175781,86.23999786376953,86.4000015258789,86.22000122070312,86.31999969482422,4329800
2021-08-09,73.56562042236328,86.08000183105469,86.37000274658203,86.08000183105469,86.31999969482422,4541300
2021-08-10,73.45450592041016,85.94999694824219,86.12000274658203,85.94999694824219,86.12000274658203,4312300
2021-08-11,73.50579833984375,86.01000213623047,86.13999938964844,85.86000061035156,85.97000122070312,6494000
2021-08-12,73.51431274414062,86.0199966430664,86.05000305175781,85.9000015258789,85.9800033569336,4946500
2021-08-13,73.8049087524414,86.36000061035156,86.36000061035156,86.11000061035156,86.12999725341797,4329600
2021-08-16,73.87325286865234,86.44000244140625,86.5999984741211,86.41000366210938,86.47000122070312,3918900
2021-08-17,73.7963638305664,86.3499984741211,86.47000122070312,86.33000183105469,86.37000274658203,7168400
2021-08-18,73.77925872802734,86.33000183105469,86.43000030517578,86.23999786376953,86.33000183105469,4561900
2021-08-19,73.941650390625,86.5199966430664,86.5199966430664,86.41000366210938,86.48999786376953,5345600
2021-08-20,73.92456817626953,86.5,86.56999969482422,86.47000122070312,86.54000091552734,3581200
2021-08-23,73.941650390625,86.5199966430664,86.52999877929688,86.43000030517578,86.4800033569336,4005500
2021-08-24,73.7963638305664,86.3499984741211,86.4800033569336,86.3499984741211,86.44999694824219,5164800
2021-08-25,73.67671203613281,86.20999908447266,86.4000015258789,86.13999938964844,86.38999938964844,3904900
2021-08-26,73.68527221679688,86.22000122070312,86.25,86.11000061035156,86.23999786376953,4810900
2021-08-27,73.89891815185547,86.47000122070312,86.47000122070312,86.16999816894531,86.23999786376953,4780900
2021-08-30,73.984375,86.56999969482422,86.56999969482422,86.38999938964844,86.41000366210938,4119000
2021-08-31,73.8903579711914,86.45999908447266,86.61000061035156,86.38999938964844,86.55999755859375,4974900
2021-09-01,73.90321350097656,86.33999633789062,86.41000366210938,86.25,86.41000366210938,4792400
2021-09-02,74.00593566894531,86.45999908447266,86.45999908447266,86.33999633789062,86.41000366210938,4885100
2021-09-03,73.85181427001953,86.27999877929688,86.30000305175781,86.20999908447266,86.26000213623047,4059700
2021-09-07,73.63786315917969,86.02999877929688,86.0999984741211,85.95999908447266,86.08000183105469,4839700
2021-09-08,73.7576904296875,86.16999816894531,86.25,86.08999633789062,86.12999725341797,4864600
2021-09-09,74.02303314208984,86.4800033569336,86.51000213623047,86.19000244140625,86.26000213623047,5504600
2021-09-10,73.84326934814453,86.2699966430664,86.37999725341797,86.11000061035156,86.33999633789062,3711400
2021-09-13,73.95457458496094,86.4000015258789,86.41999816894531,86.33000183105469,86.33999633789062,4047300
2021-09-14,74.13431549072266,86.61000061035156,86.68000030517578,86.44000244140625,86.47000122070312,4758300
2021-09-15,74.06583404541016,86.52999877929688,86.5999984741211,86.43000030517578,86.58999633789062,6204400
2021-09-16,73.92886352539062,86.37000274658203,86.45999908447266,86.30000305175781,86.3499984741211,4604000
2021-09-17,73.83472442626953,86.26000213623047,86.27999877929688,86.18000030517578,86.25,6217800
2021-09-20,74.04015350341797,86.5,86.52999877929688,86.37999725341797,86.38999938964844,6195100
2021-09-21,74.02303314208984,86.4800033569336,86.5199966430664,86.44000244140625,86.51000213623047,6962300
2021-09-22,74.1000747680664,86.56999969482422,86.5999984741211,86.4000015258789,86.4800033569336,6006200
2021-09-23,73.70632934570312,86.11000061035156,86.37000274658203,86.06999969482422,86.3499984741211,5222300
2021-09-24,73.55228424072266,85.93000030517578,86.02999877929688,85.87999725341797,86.01000213623047,4170600
2021-09-27,73.46666717529297,85.83000183105469,85.91999816894531,85.7699966430664,85.80000305175781,4858500
2021-09-28,73.14995574951172,85.45999908447266,85.62999725341797,85.38999938964844,85.56999969482422,6253700
2021-09-29,73.15852355957031,85.47000122070312,85.66999816894531,85.37999725341797,85.58000183105469,5123500
2021-09-30,73.14140319824219,85.44999694824219,85.5,85.37999725341797,85.44000244140625,5877700
2021-10-01,73.3899917602539,85.61000061035156,85.6500015258789,85.43000030517578,85.45999908447266,6029900
2021-10-04,73.33856201171875,85.55000305175781,85.62000274658203,85.44000244140625,85.51000213623047,7280000
2021-10-05,73.1585693359375,85.33999633789062,85.5199966430664,85.30999755859375,85.5,4395400
2021-10-06,73.19281768798828,85.37999725341797,85.41000366210938,85.30999755859375,85.36000061035156,7177800
2021-10-07,72.98710632324219,85.13999938964844,85.25,85.12000274658203,85.2300033569336,5363500
2021-10-08,72.80704498291016,84.93000030517578,85.08000183105469,84.87999725341797,85.08000183105469,4547100
2021-10-11,72.69562530517578,84.80000305175781,84.87999725341797,84.77999877929688,84.83000183105469,3286600
2021-10-12,72.96138000488281,85.11000061035156,85.13999938964844,84.88999938964844,84.88999938964844,5529600
2021-10-13,73.1585693359375,85.33999633789062,85.36000061035156,85.19999694824219,85.19999694824219,5018100
2021-10-14,73.2871322631836,85.48999786376953,85.5,85.33000183105469,85.38999938964844,4336400
2021-10-15,73.10712432861328,85.27999877929688,85.33999633789062,85.23999786376953,85.33999633789062,5801200
2021-10-18,73.06424713134766,85.2300033569336,85.29000091552734,85.05999755859375,85.16000366210938,5863600
2021-10-19,72.85848236083984,84.98999786376953,85.13999938964844,84.9800033569336,85.13999938964844,3865900
2021-10-20,72.77278137207031,84.88999938964844,85.05999755859375,84.88999938964844,84.95999908447266,5332400
2021-10-21,72.669921875,84.7699966430664,84.88999938964844,84.73999786376953,84.87000274658203,6073300
2021-10-22,72.82421112060547,84.94999694824219,84.9800033569336,84.79000091552734,84.87000274658203,6076100
2021-10-25,72.85848236083984,84.98999786376953,85.05999755859375,84.91000366210938,84.91999816894531,4652500
2021-10-26,73.00422668457031,85.16000366210938,85.16000366210938,84.94000244140625,85.06999969482422,5752800
2021-10-27,73.26998901367188,85.47000122070312,85.58999633789062,85.19999694824219,85.30999755859375,7618400
2021-10-28,73.17572784423828,85.36000061035156,85.51000213623047,85.30000305175781,85.41999816894531,6225800
2021-10-29,73.19281768798828,85.37999725341797,85.44000244140625,85.12999725341797,85.16000366210938,8975200
2021-11-01,73.13616943359375,85.18000030517578,85.19000244140625,84.9800033569336,85.0199966430664,5201400
2021-11-02,73.27356719970703,85.33999633789062,85.38999938964844,85.20999908447266,85.22000122070312,4199400
2021-11-03,73.14476013183594,85.19000244140625,85.41000366210938,85.06999969482422,85.38999938964844,5058700
2021-11-04,73.4796142578125,85.58000183105469,85.58000183105469,85.23999786376953,85.25,5564100
2021-11-05,73.70284271240234,85.83999633789062,85.9000015258789,85.56999969482422,85.62999725341797,4595900
2021-11-08,73.53973388671875,85.6500015258789,85.7300033569336,85.5999984741211,85.72000122070312,6517200
2021-11-09,73.74577331542969,85.88999938964844,86.02999877929688,85.87000274658203,85.91999816894531,6027800
2021-11-10,73.2477798461914,85.30999755859375,85.7699966430664,85.19999694824219,85.75,6206400
2021-11-11,73.12760162353516,85.16999816894531,85.3499984741211,85.1500015258789,85.31999969482422,3847100
2021-11-12,73.13616943359375,85.18000030517578,85.36000061035156,85.11000061035156,85.29000091552734,4890900
2021-11-15,72.83564758300781,84.83000183105469,85.12000274658203,84.81999969482422,85.0999984741211,6239500
2021-11-16,72.78411102294922,84.7699966430664,84.94999694824219,84.73999786376953,84.83000183105469,5580700
2021-11-17,72.93868255615234,84.94999694824219,84.97000122070312,84.70999908447266,84.7300033569336,6589200
2021-11-18,73.0245590209961,85.05000305175781,85.08000183105469,84.9000015258789,84.91999816894531,5320700
2021-11-19,73.17911529541016,85.2300033569336,85.33000183105469,85.19000244140625,85.25,5498200
2021-11-22,72.81849670410156,84.80999755859375,85.05999755859375,84.75,85.01000213623047,7497100
2021-11-23,72.52657318115234,84.47000122070312,84.70999908447266,84.47000122070312,84.69000244140625,5779500
2021-11-24,72.6982421875,84.66999816894531,84.69000244140625,84.43000030517578,84.4800033569336,4757400
2021-11-26,73.21342468261719,85.2699966430664,85.31999969482422,85.04000091552734,85.08999633789062,4402500
2021-11-29,73.20487976074219,85.26000213623047,85.29000091552734,84.97000122070312,84.98999786376953,6133000
2021-11-30,73.34223937988281,85.41999816894531,85.69999694824219,85.23999786376953,85.48999786376953,11234800
2021-12-01,73.3895492553711,85.33999633789062,85.36000061035156,85.05999755859375,85.16000366210938,7737300
2021-12-02,73.39813232421875,85.3499984741211,85.44999694824219,85.19000244140625,85.41999816894531,8831600
2021-12-03,73.68195343017578,85.68000030517578,85.83000183105469,85.25,85.26000213623047,7440900
2021-12-06,73.4841079711914,85.44999694824219,85.70999908447266,85.41000366210938,85.69000244140625,6865000
2021-12-07,73.32076263427734,85.26000213623047,85.44999694824219,85.25,85.31999969482422,5351200
2021-12-08,73.09712982177734,85.0,85.19999694824219,84.94999694824219,85.18000030517578,9064200
2021-12-09,73.13155364990234,85.04000091552734,85.18000030517578,84.97000122070312,85.08000183105469,8096700
2021-12-10,73.15734100341797,85.06999969482422,85.2699966430664,85.05000305175781,85.16000366210938,6869100
2021-12-13,73.4067153930664,85.36000061035156,85.43000030517578,85.2300033569336,85.25,4955300
2021-12-14,73.28631591796875,85.22000122070312,85.30000305175781,85.08000183105469,85.25,5165800
2021-12-15,73.19175720214844,85.11000061035156,85.20999908447266,84.97000122070312,85.04000091552734,6036000
2021-12-16,73.28631591796875,85.22000122070312,85.31999969482422,85.1500015258789,85.1500015258789,6067700
2021-12-17,73.41534423828125,85.37000274658203,85.4800033569336,85.31999969482422,85.33999633789062,4884200
2021-12-20,73.29495239257812,85.2300033569336,85.43000030517578,85.19999694824219,85.37999725341797,7129100
2021-12-21,73.21753692626953,85.13999938964844,85.19000244140625,84.94999694824219,85.19000244140625,6237800
2021-12-22,73.29495239257812,85.2300033569336,85.2300033569336,85.08999633789062,85.22000122070312,5110000
2021-12-23,73.18362426757812,84.83000183105469,84.93000030517578,84.73999786376953,84.93000030517578,4631200
2021-12-27,73.2181625366211,84.87000274658203,84.93000030517578,84.80999755859375,84.83999633789062,5311700
2021-12-28,73.20952606201172,84.86000061035156,85.0199966430664,84.80999755859375,85.01000213623047,5674800
2021-12-29,72.96795654296875,84.58000183105469,84.72000122070312,84.5199966430664,84.66999816894531,7757900
2021-12-30,73.13188934326172,84.7699966430664,84.79000091552734,84.55999755859375,84.69000244140625,6352100
2021-12-31,73.11460876464844,84.75,84.91000366210938,84.7300033569336,84.77999877929688,7162600
2022-01-03,72.62287902832031,84.18000030517578,84.44000244140625,84.16999816894531,84.44000244140625,7244300
2022-01-04,72.61422729492188,84.16999816894531,84.18000030517578,84.0,84.0999984741211,7384500
2022-01-05,72.36409759521484,83.87999725341797,84.20999908447266,83.86000061035156,84.20999908447266,7076500
2022-01-06,72.28646087646484,83.79000091552734,83.81999969482422,83.68000030517578,83.75,6011000
2022-01-07,72.08800506591797,83.55999755859375,83.72000122070312,83.44000244140625,83.70999908447266,6345100
2022-01-10,72.02760314941406,83.48999786376953,83.5199966430664,83.30999755859375,83.37999725341797,5912300
2022-01-11,72.17428588867188,83.66000366210938,83.68000030517578,83.41000366210938,83.47000122070312,6755600
2022-01-12,72.14839172363281,83.62999725341797,83.79000091552734,83.62000274658203,83.7300033569336,6672700
2022-01-13,72.2691650390625,83.7699966430664,83.79000091552734,83.56999969482422,83.6500015258789,5746300
2022-01-14,71.87232971191406,83.30999755859375,83.5999984741211,83.30000305175781,83.58999633789062,6843000
2022-01-18,71.42371368408203,82.79000091552734,83.08000183105469,82.79000091552734,83.02999877929688,7453100
2022-01-19,71.59629821777344,82.98999786376953,83.12000274658203,82.94000244140625,82.97000122070312,8644100
2022-01-20,71.67389678955078,83.08000183105469,83.13999938964844,83.02999877929688,83.11000061035156,4951300
2022-01-21,71.94133758544922,83.38999938964844,83.4800033569336,83.27999877929688,83.3499984741211,5204500
2022-01-24,71.82920837402344,83.26000213623047,83.5,83.25,83.44999694824219,10332200
2022-01-25,71.73429870605469,83.1500015258789,83.4000015258789,83.13999938964844,83.30000305175781,5872700
2022-01-26,71.33744812011719,82.69000244140625,83.26000213623047,82.69000244140625,83.22000122070312,7382500
2022-01-27,71.57037353515625,82.95999908447266,83.08999633789062,82.88999938964844,82.9000015258789,6295600
2022-01-28,71.65666198730469,83.05999755859375,83.08000183105469,82.7699966430664,82.77999877929688,5992500
2022-01-31,71.60487365722656,83.0,83.08000183105469,82.87000274658203,82.9000015258789,8033400
2022-02-01,71.57636260986328,82.83000183105469,82.91000366210938,82.69000244140625,82.88999938964844,5013300
2022-02-02,71.6800765991211,82.94999694824219,83.13999938964844,82.91000366210938,82.94999694824219,7248800
2022-02-03,71.37762451171875,82.5999984741211,82.68000030517578,82.51000213623047,82.61000061035156,6156500
2022-02-04,70.93695068359375,82.08999633789062,82.22000122070312,82.01000213623047,82.19999694824219,7746000
2022-02-07,70.99739074707031,82.16000366210938,82.22000122070312,82.0199966430664,82.08999633789062,6252200
2022-02-08,70.76408386230469,81.88999938964844,82.01000213623047,81.88999938964844,81.9800033569336,6727000
2022-02-09,70.81593322753906,81.94999694824219,82.13999938964844,81.94000244140625,82.02999877929688,5862000
2022-02-10,70.16783142089844,81.19999694824219,81.69000244140625,81.19999694824219,81.62999725341797,8869700
2022-02-11,70.62582397460938,81.7300033569336,81.79000091552734,81.1500015258789,81.44999694824219,11100900
2022-02-14,70.22830963134766,81.2699966430664,81.45999908447266,81.18000030517578,81.37999725341797,6301600
2022-02-15,70.08141326904297,81.0999984741211,81.27999877929688,81.08000183105469,81.16999816894531,6731200
2022-02-16,70.17646026611328,81.20999908447266,81.26000213623047,80.95999908447266,81.23999786376953,7142400
2022-02-17,70.33200073242188,81.38999938964844,81.48999786376953,81.25,81.30000305175781,6833600
2022-02-18,70.45299530029297,81.52999877929688,81.55000305175781,81.41000366210938,81.5,4744400
2022-02-22,70.40978240966797,81.4800033569336,81.4800033569336,81.30000305175781,81.38999938964844,7058800
2022-02-23,70.05551147460938,81.06999969482422,81.31999969482422,81.06999969482422,81.30000305175781,7938900
2022-02-24,70.21102142333984,81.25,81.4800033569336,81.1500015258789,81.38999938964844,8883500
2022-02-25,70.27153778076172,81.31999969482422,81.33000183105469,81.13999938964844,81.19999694824219,5923200
2022-02-28,70.79000091552734,81.91999816894531,81.94999694824219,81.63999938964844,81.66000366210938,6494400
2022-03-01,71.16132354736328,82.22000122070312,82.48999786376953,82.02999877929688,82.04000091552734,9319000
2022-03-02,70.28716278076172,81.20999908447266,81.91000366210938,81.20999908447266,81.86000061035156,6491500
2022-03-03,70.59874725341797,81.56999969482422,81.62999725341797,81.3499984741211,81.47000122070312,10349100
2022-03-04,70.84970092773438,81.86000061035156,82.0199966430664,81.7699966430664,81.88999938964844,8042600
2022-03-07,70.50350952148438,81.45999908447266,81.7300033569336,81.37999725341797,81.52999877929688,6425400
2022-03-08,70.17464447021484,81.08000183105469,81.12999725341797,80.97000122070312,81.05000305175781,8565900
2022-03-09,69.98421478271484,80.86000061035156,81.0,80.79000091552734,80.9000015258789,5761500
2022-03-10,69.61207580566406,80.43000030517578,80.61000061035156,80.29000091552734,80.58000183105469,8261200
2022-03-11,69.56015014648438,80.37000274658203,80.48999786376953,80.33000183105469,80.4000015258789,7883400
2022-03-14,68.919677734375,79.62999725341797,79.94000244140625,79.61000061035156,79.93000030517578,15449700
2022-03-15,69.03218841552734,79.76000213623047,80.01000213623047,79.66000366210938,79.94000244140625,6265000
2022-03-16,69.13604736328125,79.87999725341797,79.87999725341797,79.36000061035156,79.7699966430664,8156400
2022-03-17,69.1966323852539,79.94999694824219,80.16000366210938,79.88999938964844,80.0199966430664,6774600
2022-03-18,69.39568328857422,80.18000030517578,80.2300033569336,80.04000091552734,80.06999969482422,8895700
2022-03-21,68.68599700927734,79.36000061035156,79.83000183105469,79.31999969482422,79.80000305175781,6831300
2022-03-22,68.51288604736328,79.16000366210938,79.25,79.05000305175781,79.1500015258789,6488400
2022-03-23,68.82447052001953,79.5199966430664,79.5199966430664,79.13999938964844,79.33000183105469,8919400
2022-03-24,68.73792266845703,79.41999816894531,79.44000244140625,79.11000061035156,79.12999725341797,18907400
2022-03-25,68.13204956054688,78.72000122070312,79.0999984741211,78.61000061035156,79.0999984741211,21372500
2022-03-28,68.33113098144531,78.94999694824219,79.04000091552734,78.76000213623047,78.80999755859375,7494000
2022-03-29,68.634033203125,79.30000305175781,79.33000183105469,78.98999786376953,79.08000183105469,7308100
2022-03-30,68.78983306884766,79.4800033569336,79.51000213623047,79.08000183105469,79.08999633789062,7071800
2022-03-31,68.84178924560547,79.54000091552734,79.66999816894531,79.44000244140625,79.5199966430664,8244200
2022-04-01,68.69253540039062,79.16999816894531,79.30000305175781,78.7699966430664,78.83000183105469,6326900
2022-04-04,68.74459838867188,79.2300033569336,79.23999786376953,78.95999908447266,79.20999908447266,9091700
2022-04-05,68.05045318603516,78.43000030517578,79.0199966430664,78.37999725341797,79.0,6956300
2022-04-06,67.84223175048828,78.19000244140625,78.4000015258789,77.9000015258789,78.01000213623047,8649400
2022-04-07,67.7033920288086,78.02999877929688,78.19000244140625,77.91000366210938,78.0999984741211,9157600
2022-04-08,67.3389663696289,77.61000061035156,77.81999969482422,77.51000213623047,77.66000366210938,8989600
2022-04-11,67.02661895751953,77.25,77.44000244140625,77.18000030517578,77.4000015258789,7858300
2022-04-12,67.24354553222656,77.5,77.75,77.45999908447266,77.62000274658203,8168200
2022-04-13,67.3216323852539,77.58999633789062,77.8499984741211,77.56999969482422,77.58999633789062,7790300
2022-04-14,66.86177825927734,77.05999755859375,77.5999984741211,77.01000213623047,77.55999755859375,7046100
2022-04-18,66.6448745727539,76.80999755859375,77.08000183105469,76.77999877929688,77.06999969482422,7187800
2022-04-19,66.22837829589844,76.33000183105469,76.6500015258789,76.30000305175781,76.52999877929688,11568000
2022-04-20,66.6448745727539,76.80999755859375,76.91000366210938,76.55999755859375,76.61000061035156,7366100
2022-04-21,66.28913879394531,76.4000015258789,76.69000244140625,76.16999816894531,76.68000030517578,7869900
2022-04-22,66.20235443115234,76.30000305175781,76.47000122070312,76.0999984741211,76.18000030517578,8625100
2022-04-25,66.61884307861328,76.77999877929688,77.0199966430664,76.66999816894531,76.66999816894531,6091600
2022-04-26,66.79238891601562,76.9800033569336,77.16000366210938,76.9000015258789,77.12000274658203,8837100
2022-04-27,66.58415985107422,76.73999786376953,77.06999969482422,76.66000366210938,76.98999786376953,10802000
2022-04-28,66.55805969238281,76.70999908447266,76.70999908447266,76.44000244140625,76.54000091552734,7644000
2022-04-29,66.10692596435547,76.19000244140625,76.5199966430664,76.16000366210938,76.27999877929688,7120400
2022-05-02,65.76876068115234,75.66000366210938,75.83999633789062,75.58000183105469,75.81999969482422,10166700
2022-05-03,65.92523193359375,75.83999633789062,76.1500015258789,75.77999877929688,76.08000183105469,7769000
2022-05-04,66.35115814208984,76.33000183105469,76.33000183105469,75.63999938964844,75.77999877929688,12238000
2022-05-05,65.69053649902344,75.56999969482422,75.87000274658203,75.26000213623047,75.87000274658203,10540000
2022-05-06,65.41238403320312,75.25,75.5199966430664,75.16999816894531,75.26000213623047,8803000
2022-05-09,65.70792388916016,75.58999633789062,75.62000274658203,75.13999938964844,75.18000030517578,7420300
2022-05-10,65.89915466308594,75.80999755859375,76.02999877929688,75.73999786376953,75.88999938964844,24792700
2022-05-11,66.12516784667969,76.06999969482422,76.08999633789062,75.47000122070312,75.5199966430664,9843600
2022-05-12,66.25556182861328,76.22000122070312,76.38999938964844,76.16000366210938,76.2300033569336,6079800
2022-05-13,66.01216888427734,75.94000244140625,76.0999984741211,75.88999938964844,76.05999755859375,5024800
2022-05-16,66.11647033691406,76.05999755859375,76.23999786376953,76.02999877929688,76.04000091552734,6104400
2022-05-17,65.72529602050781,75.61000061035156,75.83000183105469,75.58999633789062,75.68000030517578,5881200
2022-05-18,66.00347137451172,75.93000030517578,75.97000122070312,75.54000091552734,75.54000091552734,4963300
2022-05-19,66.14254760742188,76.08999633789062,76.37000274658203,76.04000091552734,76.33999633789062,5461400
2022-05-20,66.34249877929688,76.31999969482422,76.37000274658203,76.12000274658203,76.12000274658203,6960100
2022-05-23,66.10778045654297,76.05000305175781,76.37000274658203,76.0,76.29000091552734,7332900
2022-05-24,66.64672088623047,76.66999816894531,76.77999877929688,76.31999969482422,76.31999969482422,6587100
2022-05-25,66.91620635986328,76.9800033569336,77.0,76.79000091552734,76.91999816894531,5737200
2022-05-26,66.8466567993164,76.9000015258789,77.0999984741211,76.80999755859375,77.0,5328400
2022-05-27,67.03790283203125,77.12000274658203,77.22000122070312,77.0,77.11000061035156,6355300
2022-05-31,66.65543365478516,76.68000030517578,76.73999786376953,76.45999908447266,76.66999816894531,9067000
2022-06-01,66.35753631591797,76.19000244140625,76.63999938964844,76.05999755859375,76.55999755859375,7294600
2022-06-02,66.41854095458984,76.26000213623047,76.33000183105469,76.05000305175781,76.30000305175781,5276600
2022-06-03,66.32271575927734,76.1500015258789,76.19000244140625,75.98999786376953,75.98999786376953,5549600
2022-06-06,65.9308090209961,75.69999694824219,76.08999633789062,75.66999816894531,76.02999877929688,6698000
2022-06-07,66.15723419189453,75.95999908447266,76.11000061035156,75.81999969482422,75.8499984741211,6989800
2022-06-08,65.88725280761719,75.6500015258789,75.93000030517578,75.6500015258789,75.80000305175781,3778300
2022-06-09,65.80015563964844,75.55000305175781,75.69999694824219,75.51000213623047,75.5999984741211,4828500
2022-06-10,65.24275207519531,74.91000366210938,75.41999816894531,74.76000213623047,75.26000213623047,14690800
2022-06-13,64.18888854980469,73.69999694824219,74.25,73.37000274658203,74.20999908447266,11255300
2022-06-14,63.84051513671875,73.30000305175781,74.01000213623047,73.19999694824219,73.91000366210938,9530100
2022-06-15,64.5721206665039,74.13999938964844,74.19000244140625,73.5,73.8499984741211,9098600
2022-06-16,64.7114486694336,74.30000305175781,74.31999969482422,73.41000366210938,73.48999786376953,8477600
2022-06-17,64.74629974365234,74.33999633789062,74.48999786376953,74.04000091552734,74.38999938964844,4913600
2022-06-21,64.45018005371094,74.0,74.27999877929688,73.94000244140625,74.11000061035156,7069900
2022-06-22,64.9814453125,74.61000061035156,74.75,74.54000091552734,74.63999938964844,8407600
2022-06-23,65.29501342773438,74.97000122070312,75.33000183105469,74.87999725341797,74.9000015258789,8542600
2022-06-24,65.17304992675781,74.83000183105469,75.12999725341797,74.77999877929688,74.86000061035156,6979000
2022-06-27,64.8595199584961,74.47000122070312,74.7300033569336,74.38999938964844,74.54000091552734,6238900
2022-06-28,64.89437866210938,74.51000213623047,74.51000213623047,74.30999755859375,74.43000030517578,5578800
2022-06-29,65.26888275146484,74.94000244140625,74.94000244140625,74.51000213623047,74.51000213623047,3896400
2022-06-30,65.5475845336914,75.26000213623047,75.44999694824219,75.16999816894531,75.16999816894531,4387100
2022-07-01,66.07032012939453,75.70999908447266,76.05000305175781,75.52999877929688,75.61000061035156,5801800
2022-07-05,66.18375396728516,75.83999633789062,75.97000122070312,75.69999694824219,75.8499984741211,6253900
2022-07-06,65.78234100341797,75.37999725341797,76.05000305175781,75.36000061035156,76.02999877929688,5312000
2022-07-07,65.59905242919922,75.16999816894531,75.45999908447266,75.0999984741211,75.44999694824219,7536700
2022-07-08,65.38088989257812,74.91999816894531,75.04000091552734,74.83999633789062,75.01000213623047,4187100
2022-07-11,65.6252670288086,75.19999694824219,75.38999938964844,75.1500015258789,75.19000244140625,4128600
2022-07-12,65.73869323730469,75.33000183105469,75.62000274658203,75.33000183105469,75.4800033569336,6013700
2022-07-13,65.94813537597656,75.56999969482422,75.62999725341797,74.8499984741211,74.87000274658203,6382700
2022-07-14,65.73869323730469,75.33000183105469,75.43000030517578,74.94999694824219,75.0999984741211,5598000
2022-07-15,65.97431182861328,75.5999984741211,75.69999694824219,75.36000061035156,75.36000061035156,5276400
2022-07-18,65.77360534667969,75.37000274658203,75.47000122070312,75.22000122070312,75.44999694824219,3438000
2022-07-19,65.72123718261719,75.30999755859375,75.43000030517578,75.18000030517578,75.37999725341797,3493400
2022-07-20,65.66017150878906,75.23999786376953,75.55999755859375,75.19999694824219,75.55000305175781,3966900
2022-07-21,66.20121002197266,75.86000061035156,75.9000015258789,75.43000030517578,75.43000030517578,6832900
2022-07-22,66.74227905273438,76.4800033569336,76.6500015258789,76.27999877929688,76.37000274658203,6617000
2022-07-25,66.4979019165039,76.19999694824219,76.2699966430664,76.08999633789062,76.13999938964844,4256200
2022-07-26,66.51537322998047,76.22000122070312,76.56999969482422,76.19000244140625,76.51000213623047,6964100
2022-07-27,66.69866180419922,76.43000030517578,76.69000244140625,76.33999633789062,76.3499984741211,5919600
2022-07-28,67.16114807128906,76.95999908447266,77.06999969482422,76.80999755859375,76.95999908447266,5140200
2022-07-29,67.1087875366211,76.9000015258789,77.16999816894531,76.75,76.80000305175781,6601700
2022-08-01,67.39996337890625,77.08000183105469,77.13999938964844,76.81999969482422,76.9000015258789,5370800
2022-08-02,66.71792602539062,76.30000305175781,77.18000030517578,76.23999786376953,77.08999633789062,10808300
2022-08-03,67.05020904541016,76.68000030517578,76.69000244140625,75.97000122070312,76.2300033569336,5747700
2022-08-04,67.21636199951172,76.87000274658203,76.87999725341797,76.63999938964844,76.72000122070312,9869900
2022-08-05,66.45563507080078,76.0,76.0999984741211,75.86000061035156,76.05000305175781,8946400
2022-08-08,66.75291442871094,76.33999633789062,76.44999694824219,76.26000213623047,76.30000305175781,8534700
2022-08-09,66.60425567626953,76.16999816894531,76.26000213623047,76.08999633789062,76.16000366210938,6888800
2022-08-10,66.7878646850586,76.37999725341797,76.7300033569336,76.30999755859375,76.5,4305000
2022-08-11,66.4118881225586,75.94999694824219,76.66999816894531,75.91999816894531,76.56999969482422,5179500
2022-08-12,66.71792602539062,76.30000305175781,76.30000305175781,76.01000213623047,76.20999908447266,4376800
2022-08-15,66.7878646850586,76.37999725341797,76.54000091552734,76.36000061035156,76.47000122070312,3922300
2022-08-16,66.70042419433594,76.27999877929688,76.29000091552734,76.02999877929688,76.2699966430664,4104000
2022-08-17,66.30696105957031,75.83000183105469,76.01000213623047,75.70999908447266,75.93000030517578,4131100
2022-08-18,66.42936706542969,75.97000122070312,76.16000366210938,75.94000244140625,76.04000091552734,4026800
2022-08-19,66.00965881347656,75.48999786376953,75.55999755859375,75.36000061035156,75.52999877929688,5115800
2022-08-22,65.71234130859375,75.1500015258789,75.36000061035156,75.08999633789062,75.33000183105469,4158600
2022-08-23,65.6861343383789,75.12000274658203,75.44999694824219,75.01000213623047,75.12000274658203,6294800
2022-08-24,65.51996612548828,74.93000030517578,75.01000213623047,74.83999633789062,74.97000122070312,3808600
2022-08-25,65.87850952148438,75.33999633789062,75.4000015258789,74.91999816894531,74.9800033569336,3688400
2022-08-26,65.74735260009766,75.19000244140625,75.37000274658203,75.05000305175781,75.2300033569336,4276600
2022-08-29,65.45004272460938,74.8499984741211,74.95999908447266,74.79000091552734,74.94999694824219,3263800
2022-08-30,65.50250244140625,74.91000366210938,75.08000183105469,74.69999694824219,74.93000030517578,6878700
2022-08-31,65.23143005371094,74.5999984741211,74.94000244140625,74.51000213623047,74.8499984741211,5155600
2022-09-01,64.87743377685547,74.04000091552734,74.11000061035156,73.75,74.0199966430664,6160700
2022-09-02,65.04389953613281,74.2300033569336,74.4800033569336,74.18000030517578,74.25,3600600
2022-09-06,64.45683288574219,73.55999755859375,73.94999694824219,73.54000091552734,73.94000244140625,6869800
2022-09-07,64.9212417602539,74.08999633789062,74.08999633789062,73.77999877929688,73.80000305175781,4208300
2022-09-08,64.71969604492188,73.86000061035156,74.12000274658203,73.83999633789062,73.95999908447266,3580300
2022-09-09,64.69341278076172,73.83000183105469,74.08999633789062,73.79000091552734,73.94999694824219,3831700
2022-09-12,64.61454010009766,73.73999786376953,74.06999969482422,73.6500015258789,74.0,4008200
2022-09-13,64.29034423828125,73.37000274658203,73.43000030517578,73.22000122070312,73.27999877929688,9481200
2022-09-14,64.36918640136719,73.45999908447266,73.55999755859375,73.27999877929688,73.30000305175781,4332200
2022-09-15,64.17643737792969,73.23999786376953,73.38999938964844,73.19000244140625,73.30999755859375,4967200
2022-09-16,64.10633850097656,73.16000366210938,73.30999755859375,73.0199966430664,73.08000183105469,5050000
2022-09-19,64.06249237060547,73.11000061035156,73.18000030517578,72.91000366210938,72.98999786376953,6374900
2022-09-20,63.747074127197266,72.75,72.87999725341797,72.62000274658203,72.70999908447266,4750500
2022-09-21,63.92230224609375,72.94999694824219,72.98999786376953,72.44000244140625,72.81999969482422,6360300
2022-09-22,63.26512908935547,72.19999694824219,72.48999786376953,72.11000061035156,72.4800033569336,5216100
2022-09-23,63.08988952636719,72.0,72.25,71.75,72.25,6885400
2022-09-26,62.28374481201172,71.08000183105469,71.80999755859375,71.05999755859375,71.7699966430664,8658900
2022-09-27,62.0120964050293,70.7699966430664,71.20999908447266,70.66999816894531,71.12000274658203,9946100
2022-09-28,62.97596740722656,71.87000274658203,71.9000015258789,71.29000091552734,71.43000030517578,11649700
2022-09-29,62.6517333984375,71.5,71.63999938964844,71.2699966430664,71.44000244140625,6100300
2022-09-30,62.50281524658203,71.33000183105469,71.87000274658203,71.25,71.69999694824219,8919100
2022-10-03,63.02615737915039,71.7699966430664,72.18000030517578,71.58000183105469,71.69999694824219,6762600
2022-10-04,63.18425750732422,71.94999694824219,72.23999786376953,71.87999725341797,72.02999877929688,6124400
2022-10-05,62.85054016113281,71.56999969482422,71.63999938964844,71.27999877929688,71.58000183105469,7252400
2022-10-06,62.61344528198242,71.30000305175781,71.5999984741211,71.23999786376953,71.52999877929688,7108400
2022-10-07,62.28852081298828,70.93000030517578,71.12000274658203,70.87000274658203,71.01000213623047,5023200
2022-10-10,62.007484436035156,70.61000061035156,70.93000030517578,70.45999908447266,70.93000030517578,4950700
2022-10-11,62.02505874633789,70.62999725341797,70.94999694824219,70.52999877929688,70.72000122070312,9225500
2022-10-12,62.09532928466797,70.70999908447266,70.81999969482422,70.51000213623047,70.55000305175781,5442000
2022-10-13,61.87579345703125,70.45999908447266,70.69999694824219,69.79000091552734,69.87000274658203,6668900
2022-10-14,61.57720184326172,70.12000274658203,70.83000183105469,70.08999633789062,70.81999969482422,6544400
2022-10-17,61.70890808105469,70.2699966430664,70.68000030517578,70.2699966430664,70.55000305175781,19605200
2022-10-18,61.84944152832031,70.43000030517578,70.54000091552734,70.13999938964844,70.45999908447266,7008000
2022-10-19,61.340091705322266,69.8499984741211,70.08999633789062,69.77999877929688,69.98999786376953,6483600
2022-10-20,60.92734146118164,69.37999725341797,69.8499984741211,69.33999633789062,69.70999908447266,6260900
2022-10-21,61.03272247314453,69.5,69.58000183105469,69.08999633789062,69.13999938964844,6984400
2022-10-24,60.9449348449707,69.4000015258789,69.69000244140625,69.2300033569336,69.4800033569336,7259400
2022-10-25,61.524513244628906,70.05999755859375,70.20999908447266,69.91000366210938,69.94000244140625,7780900
2022-10-26,61.77039337158203,70.33999633789062,70.47000122070312,70.16999816894531,70.22000122070312,7001000
2022-10-27,62.09532928466797,70.70999908447266,70.86000061035156,70.37999725341797,70.54000091552734,5493300
2022-10-28,61.97238540649414,70.56999969482422,70.70999908447266,70.37999725341797,70.4000015258789,4828800
2022-10-31,61.779178619384766,70.3499984741211,70.4000015258789,70.05999755859375,70.36000061035156,6785000
2022-11-01,61.84343338012695,70.26000213623047,70.61000061035156,70.0999984741211,70.58000183105469,7019000
2022-11-02,61.74660873413086,70.1500015258789,70.7300033569336,70.0,70.3499984741211,10223800
2022-11-03,61.50894546508789,69.87999725341797,69.9800033569336,69.56999969482422,69.61000061035156,6408200
2022-11-04,61.52657699584961,69.9000015258789,70.0999984741211,69.73999786376953,69.93000030517578,8780400
2022-11-07,61.288902282714844,69.62999725341797,69.93000030517578,69.62999725341797,69.91000366210938,6246100
2022-11-08,61.561767578125,69.94000244140625,70.06999969482422,69.77999877929688,69.80000305175781,6358100
2022-11-09,61.64979553222656,70.04000091552734,70.13999938964844,69.79000091552734,69.86000061035156,7269400
2022-11-10,62.92608642578125,71.48999786376953,71.48999786376953,70.88999938964844,70.9000015258789,7014100
2022-11-11,62.92608642578125,71.48999786376953,71.52999877929688,71.25,71.33000183105469,4525300
2022-11-14,62.7236328125,71.26000213623047,71.38999938964844,71.20999908447266,71.29000091552734,6914500
2022-11-15,63.16374969482422,71.76000213623047,71.7699966430664,71.54000091552734,71.66000366210938,11948800
2022-11-16,63.52461242675781,72.16999816894531,72.2300033569336,71.9000015258789,71.97000122070312,8856700
2022-11-17,63.26057815551758,71.87000274658203,71.9000015258789,71.66000366210938,71.80000305175781,6260600
2022-11-18,63.154945373535156,71.75,72.04000091552734,71.7300033569336,71.93000030517578,8564600
2022-11-21,63.154945373535156,71.75,72.04000091552734,71.72000122070312,71.98999786376953,6834600
2022-11-22,63.48065948486328,72.12000274658203,72.19000244140625,71.93000030517578,71.94000244140625,9534200
2022-11-23,63.8679313659668,72.55999755859375,72.55999755859375,72.2300033569336,72.2300033569336,4855000
2022-11-25,63.8679313659668,72.55999755859375,72.55999755859375,72.4000015258789,72.4000015258789,2536400
2022-11-28,63.788692474365234,72.47000122070312,72.66999816894531,72.38999938964844,72.61000061035156,5852100
2022-11-29,63.551025390625,72.19999694824219,72.37999725341797,72.16000366210938,72.19999694824219,5437600
2022-11-30,64.04393768310547,72.76000213623047,72.7699966430664,72.01000213623047,72.1500015258789,5479900
2022-12-01,64.57768249511719,73.19999694824219,73.19999694824219,72.66000366210938,72.7300033569336,7462500
2022-12-02,64.84234619140625,73.5,73.51000213623047,72.79000091552734,72.94999694824219,6828300
2022-12-05,64.33065032958984,72.91999816894531,73.16999816894531,72.83000183105469,73.16000366210938,7552900
2022-12-06,64.54241180419922,73.16000366210938,73.23999786376953,73.0,73.08000183105469,7584100
2022-12-07,65.10702514648438,73.80000305175781,73.83000183105469,73.44000244140625,73.4800033569336,7472500
2022-12-08,64.92176055908203,73.58999633789062,73.73999786376953,73.47000122070312,73.58000183105469,5378100
2022-12-09,64.54241180419922,73.16000366210938,73.45999908447266,73.16000366210938,73.41999816894531,12079600
2022-12-12,64.54241180419922,73.16000366210938,73.51000213623047,73.05000305175781,73.45999908447266,7533500
2022-12-13,64.98351287841797,73.66000366210938,74.1500015258789,73.61000061035156,74.1500015258789,12563900
2022-12-14,65.14230346679688,73.83999633789062,73.9000015258789,73.43000030517578,73.70999908447266,9833900
2022-12-15,65.17758178710938,73.87999725341797,73.95999908447266,73.70999908447266,73.87999725341797,7800400
2022-12-16,65.00999450683594,73.69000244140625,73.83000183105469,73.41000366210938,73.45999908447266,6541900
2022-12-19,64.62181091308594,73.25,73.41000366210938,73.1500015258789,73.38999938964844,6300000
2022-12-20,64.19834899902344,72.7699966430664,72.9000015258789,72.69000244140625,72.80000305175781,6130500
2022-12-21,64.34830474853516,72.94000244140625,73.0999984741211,72.83000183105469,73.04000091552734,8169000
2022-12-22,64.33948516845703,72.93000030517578,73.06999969482422,72.86000061035156,72.94999694824219,6833800
2022-12-23,64.13787841796875,72.52999877929688,72.62000274658203,72.44999694824219,72.5,4693400
2022-12-27,63.642696380615234,71.97000122070312,72.2300033569336,71.95999908447266,72.12999725341797,6959600
2022-12-28,63.55423355102539,71.87000274658203,72.18000030517578,71.86000061035156,72.12000274658203,7868200
2022-12-29,63.79301452636719,72.13999938964844,72.16999816894531,71.94999694824219,71.97000122070312,7391000
2022-12-30,63.527713775634766,71.83999633789062,72.08000183105469,71.80000305175781,71.9800033569336,7051900
2023-01-03,63.86374282836914,72.22000122070312,72.4800033569336,72.06999969482422,72.44999694824219,8634800
2023-01-04,64.22628784179688,72.62999725341797,72.76000213623047,72.48999786376953,72.69999694824219,5257100
2023-01-05,64.15557098388672,72.55000305175781,72.58999633789062,72.22000122070312,72.33999633789062,5632400
2023-01-06,64.8630142211914,73.3499984741211,73.38999938964844,72.56999969482422,72.6500015258789,5627200
2023-01-09,65.03985595703125,73.55000305175781,73.6500015258789,73.2699966430664,73.30999755859375,7398200
2023-01-10,64.7834243774414,73.26000213623047,73.37999725341797,73.08999633789062,73.30999755859375,4827900
2023-01-11,65.12828826904297,73.6500015258789,73.69000244140625,73.44999694824219,73.47000122070312,8453200
2023-01-12,65.63235473632812,74.22000122070312,74.22000122070312,73.61000061035156,73.87999725341797,5927600
2023-01-13,65.41127014160156,73.97000122070312,74.22000122070312,73.9000015258789,74.05999755859375,6331600
2023-01-17,65.32283782958984,73.87000274658203,74.0,73.73999786376953,73.76000213623047,6815100
2023-01-18,65.92416381835938,74.55000305175781,74.66000366210938,74.27999877929688,74.5999984741211,5112800
2023-01-19,65.79154205322266,74.4000015258789,74.47000122070312,74.26000213623047,74.36000061035156,4765200
2023-01-20,65.49967956542969,74.06999969482422,74.19000244140625,73.93000030517578,74.12999725341797,4714300
2023-01-23,65.34051513671875,73.88999938964844,74.05999755859375,73.8499984741211,73.87999725341797,6116700
2023-01-24,65.63235473632812,74.22000122070312,74.25,73.77999877929688,73.94999694824219,3907700
2023-01-25,65.71192932128906,74.30999755859375,74.36000061035156,74.08000183105469,74.20999908447266,4414400
2023-01-26,65.58811950683594,74.16999816894531,74.3499984741211,74.05000305175781,74.26000213623047,3866800
2023-01-27,65.51737976074219,74.08999633789062,74.12999725341797,73.94999694824219,74.0,4474100
2023-01-30,65.3316879272461,73.87999725341797,74.08999633789062,73.86000061035156,73.95999908447266,6258700
2023-01-31,65.63235473632812,74.22000122070312,74.22000122070312,73.86000061035156,74.12000274658203,5502300
2023-02-01,66.05423736572266,74.5199966430664,74.58000183105469,73.91999816894531,74.16000366210938,7473900
2023-02-02,66.09854888916016,74.56999969482422,74.86000061035156,74.55000305175781,74.80000305175781,4273500
2023-02-03,65.5135726928711,73.91000366210938,74.0999984741211,73.79000091552734,74.0199966430664,5332900
2023-02-06,65.10582733154297,73.44999694824219,73.56999969482422,73.43000030517578,73.51000213623047,5282300
2023-02-07,65.01718139648438,73.3499984741211,73.69999694824219,73.31999969482422,73.38999938964844,4674500
2023-02-08,65.13240814208984,73.4800033569336,73.58999633789062,73.23999786376953,73.38999938964844,4308200
2023-02-09,64.86648559570312,73.18000030517578,73.69000244140625,73.13999938964844,73.68000030517578,4268100
2023-02-10,64.59170532226562,72.87000274658203,73.13999938964844,72.83000183105469,73.12000274658203,3606100
2023-02-13,64.76897430419922,73.06999969482422,73.06999969482422,72.87000274658203,72.88999938964844,3805800
2023-02-14,64.54737091064453,72.81999969482422,73.08000183105469,72.61000061035156,72.9800033569336,4328000
2023-02-15,64.40557861328125,72.66000366210938,72.79000091552734,72.54000091552734,72.72000122070312,4370800
2023-02-16,64.15736389160156,72.37999725341797,72.55999755859375,72.30000305175781,72.43000030517578,5912000
2023-02-17,64.2991943359375,72.54000091552734,72.55000305175781,72.19000244140625,72.19999694824219,5165700
2023-02-21,63.74073791503906,71.91000366210938,72.1500015258789,71.88999938964844,72.08000183105469,16093200
2023-02-22,63.88260269165039,72.06999969482422,72.25,72.04000091552734,72.0999984741211,4375600
2023-02-23,64.11305236816406,72.33000183105469,72.3499984741211,72.0999984741211,72.12999725341797,4789200
2023-02-24,63.758487701416016,71.93000030517578,72.02999877929688,71.80000305175781,71.95999908447266,4345900
2023-02-27,63.864845275878906,72.05000305175781,72.18000030517578,71.97000122070312,72.05000305175781,3340500
2023-02-28,63.88260269165039,72.06999969482422,72.08999633789062,71.76000213623047,71.80999755859375,5032400
2023-03-01,63.5041389465332,71.4800033569336,71.83000183105469,71.44000244140625,71.68000030517578,4427800
2023-03-02,63.370849609375,71.33000183105469,71.3499984741211,71.16999816894531,71.20999908447266,4966600
2023-03-03,63.8594970703125,71.87999725341797,71.87999725341797,71.52999877929688,71.68000030517578,4008600
2023-03-06,63.70845031738281,71.70999908447266,72.02999877929688,71.69999694824219,72.02999877929688,4538700
2023-03-07,63.63739776611328,71.62999725341797,71.8499984741211,71.51000213623047,71.83000183105469,4253100
2023-03-08,63.58406066894531,71.56999969482422,71.9000015258789,71.44000244140625,71.77999877929688,4774500
2023-03-09,63.79726791381836,71.80999755859375,71.95999908447266,71.62000274658203,71.66000366210938,4597800
2023-03-10,64.56134796142578,72.66999816894531,72.83000183105469,72.41000366210938,72.51000213623047,4779500
2023-03-13,65.07660675048828,73.25,73.81999969482422,73.04000091552734,73.33000183105469,7270500
2023-03-14,64.66793823242188,72.79000091552734,73.19000244140625,72.66000366210938,73.0,5432500
2023-03-15,65.33426666259766,73.54000091552734,73.8499984741211,73.20999908447266,73.61000061035156,6677200
2023-03-16,65.02332305908203,73.19000244140625,73.87999725341797,73.08000183105469,73.83000183105469,6964800
2023-03-17,65.49418640136719,73.72000122070312,73.91999816894531,73.48999786376953,73.48999786376953,4352700
2023-03-20,65.20986938476562,73.4000015258789,73.83999633789062,73.36000061035156,73.77999877929688,6924500
2023-03-21,65.03219604492188,73.19999694824219,73.37000274658203,73.12999725341797,73.19999694824219,3997700
2023-03-22,65.60968017578125,73.8499984741211,73.91999816894531,73.06999969482422,73.19999694824219,5220500
2023-03-23,65.76069641113281,74.0199966430664,74.11000061035156,73.68000030517578,73.80000305175781,5392100
2023-03-24,65.89398193359375,74.16999816894531,74.41999816894531,74.02999877929688,74.23999786376953,4638000
2023-03-27,65.20986938476562,73.4000015258789,73.7300033569336,73.4000015258789,73.5999984741211,5769800
2023-03-28,65.09439849853516,73.2699966430664,73.37000274658203,73.19999694824219,73.26000213623047,3473300
2023-03-29,65.16548156738281,73.3499984741211,73.41999816894531,73.1500015258789,73.16000366210938,4231300
2023-03-30,65.2542953491211,73.44999694824219,73.5199966430664,73.31999969482422,73.31999969482422,3455300
2023-03-31,65.59190368652344,73.83000183105469,73.87000274658203,73.47000122070312,73.58999633789062,4549200
2023-04-03,65.87065887451172,73.95999908447266,73.98999786376953,73.5199966430664,73.58000183105469,5346200
2023-04-04,66.13786315917969,74.26000213623047,74.31999969482422,73.72000122070312,73.76000213623047,4126700
2023-04-05,66.31597137451172,74.45999908447266,74.9000015258789,74.37999725341797,74.44999694824219,4345900
2023-04-06,66.29816436767578,74.44000244140625,74.5999984741211,74.41999816894531,74.51000213623047,4381700
2023-04-10,65.85285949707031,73.94000244140625,74.05000305175781,73.80999755859375,74.02999877929688,4224300
2023-04-11,65.87957000732422,73.97000122070312,74.02999877929688,73.80999755859375,74.0199966430664,4401600
2023-04-12,65.9508285522461,74.05000305175781,74.26000213623047,73.8499984741211,74.26000213623047,4134800
2023-04-13,65.91519927978516,74.01000213623047,74.29000091552734,73.94999694824219,74.20999908447266,5012700
2023-04-14,65.62130737304688,73.68000030517578,73.80000305175781,73.61000061035156,73.75,4349600
2023-04-17,65.26504516601562,73.27999877929688,73.4800033569336,73.26000213623047,73.44999694824219,5085500
2023-04-18,65.36299896240234,73.38999938964844,73.48999786376953,73.29000091552734,73.30999755859375,3728400
2023-04-19,65.27397155761719,73.29000091552734,73.31999969482422,73.1500015258789,73.29000091552734,4611000
2023-04-20,65.55896759033203,73.61000061035156,73.61000061035156,73.48999786376953,73.5,3605400
2023-04-21,65.44318389892578,73.4800033569336,73.7699966430664,73.43000030517578,73.7300033569336,3371600
2023-04-24,65.70148468017578,73.7699966430664,73.80000305175781,73.62000274658203,73.62000274658203,2993000
2023-04-25,66.12895965576172,74.25,74.29000091552734,74.05999755859375,74.05999755859375,3508100
2023-04-26,65.89739227294922,73.98999786376953,74.27999877929688,73.9000015258789,74.20999908447266,5819900
2023-04-27,65.61238861083984,73.66999816894531,73.83000183105469,73.62999725341797,73.80999755859375,3078100
2023-04-28,65.9775390625,74.08000183105469,74.0999984741211,73.88999938964844,74.02999877929688,4469100
2023-05-01,65.29904174804688,73.13999938964844,73.66000366210938,73.05999755859375,73.5999984741211,4546500
2023-05-02,65.94183349609375,73.86000061035156,73.87000274658203,73.31999969482422,73.33000183105469,4825100
2023-05-03,66.2186050415039,74.16999816894531,74.18000030517578,73.86000061035156,74.0199966430664,4205600
2023-05-04,66.12931060791016,74.06999969482422,74.37999725341797,73.9000015258789,73.91999816894531,11535800
2023-05-05,65.88825988769531,73.80000305175781,73.86000061035156,73.68000030517578,73.80999755859375,3143200
2023-05-08,65.57576751708984,73.44999694824219,73.61000061035156,73.41999816894531,73.5,9895900
2023-05-09,65.50434112548828,73.37000274658203,73.5,73.36000061035156,73.43000030517578,3827700
2023-05-10,65.90612030029297,73.81999969482422,73.87999725341797,73.6500015258789,73.68000030517578,5291800
2023-05-11,66.1203842163086,74.05999755859375,74.23999786376953,74.0199966430664,74.18000030517578,4745900
2023-05-12,65.77222442626953,73.66999816894531,74.05999755859375,73.66999816894531,74.01000213623047,2970500
2023-05-15,65.60259246826172,73.4800033569336,73.52999877929688,73.43000030517578,73.5199966430664,3268600
2023-05-16,65.44184875488281,73.30000305175781,73.31999969482422,73.16000366210938,73.2699966430664,3818500
2023-05-17,65.3258056640625,73.16999816894531,73.38999938964844,73.12000274658203,73.37999725341797,4574400
2023-05-18,65.0579605102539,72.87000274658203,73.01000213623047,72.83000183105469,73.01000213623047,3530000
2023-05-19,64.87940979003906,72.66999816894531,72.94000244140625,72.61000061035156,72.72000122070312,4166800
2023-05-22,64.8615493774414,72.6500015258789,72.87999725341797,72.61000061035156,72.70999908447266,5294900
2023-05-23,64.90618896484375,72.69999694824219,72.77999877929688,72.4800033569336,72.55999755859375,4561100
2023-05-24,64.72765350341797,72.5,72.76000213623047,72.48999786376953,72.73999786376953,4245100
2023-05-25,64.486572265625,72.2300033569336,72.48999786376953,72.19999694824219,72.45999908447266,4012300
2023-05-26,64.56694030761719,72.31999969482422,72.33000183105469,72.06999969482422,72.16000366210938,3783100
2023-05-30,64.99547576904297,72.80000305175781,72.80000305175781,72.5199966430664,72.55000305175781,3533000
2023-05-31,65.209716796875,73.04000091552734,73.12999725341797,72.76000213623047,72.80999755859375,4898400
2023-06-01,65.3860855102539,73.05000305175781,73.19000244140625,72.97000122070312,73.05000305175781,3984000
2023-06-02,65.01909637451172,72.63999938964844,73.0199966430664,72.63999938964844,73.01000213623047,4595500
2023-06-05,65.02803802490234,72.6500015258789,72.8499984741211,72.41999816894531,72.48999786376953,4674600
2023-06-06,65.1175308227539,72.75,72.76000213623047,72.52999877929688,72.69000244140625,5001900
2023-06-07,64.75055694580078,72.33999633789062,72.76000213623047,72.29000091552734,72.69999694824219,4326500
2023-06-08,65.07279205322266,72.69999694824219,72.73999786376953,72.41999816894531,72.43000030517578,3567600
2023-06-09,64.93852996826172,72.55000305175781,72.6500015258789,72.44999694824219,72.54000091552734,12690400
2023-06-12,65.07279205322266,72.69999694824219,72.70999908447266,72.41000366210938,72.62999725341797,4632800
2023-06-13,64.786376953125,72.37999725341797,72.91999816894531,72.30999755859375,72.86000061035156,4302500
2023-06-14,64.8400650024414,72.44000244140625,72.61000061035156,72.19999694824219,72.5,5986200
2023-06-15,65.24285125732422,72.88999938964844,72.91000366210938,72.66999816894531,72.76000213623047,5061200
2023-06-16,65.09964752197266,72.7300033569336,72.83000183105469,72.54000091552734,72.68000030517578,3905300
2023-06-20,65.18916320800781,72.83000183105469,72.94999694824219,72.7699966430664,72.77999877929688,4921700
2023-06-21,65.29658508300781,72.94999694824219,72.98999786376953,72.58000183105469,72.69000244140625,3678700
2023-06-22,64.9832992553711,72.5999984741211,72.83999633789062,72.52999877929688,72.7300033569336,3975500
2023-06-23,65.1712646484375,72.80999755859375,72.98999786376953,72.69000244140625,72.9800033569336,4163100
2023-06-26,65.25181579589844,72.9000015258789,72.9800033569336,72.83000183105469,72.91000366210938,6287800
2023-06-27,65.1264877319336,72.76000213623047,73.02999877929688,72.66999816894531,72.91999816894531,4816100
2023-06-28,65.33236694335938,72.98999786376953,73.0,72.73999786376953,72.86000061035156,5517200
2023-06-29,64.8400650024414,72.44000244140625,72.51000213623047,72.31999969482422,72.4800033569336,5803000
2023-06-30,65.06385040283203,72.69000244140625,72.70999908447266,72.43000030517578,72.5,5612300
2023-07-03,64.87896728515625,72.30000305175781,72.6500015258789,72.27999877929688,72.48999786376953,3146500
2023-07-05,64.60977935791016,72.0,72.29000091552734,71.94000244140625,72.2699966430664,4415700
2023-07-06,64.1969985961914,71.54000091552734,71.62999725341797,71.3499984741211,71.58000183105469,5613400
2023-07-07,64.16109466552734,71.5,71.70999908447266,71.45999908447266,71.54000091552734,5726600
2023-07-10,64.38542175292969,71.75,71.83000183105469,71.55000305175781,71.55999755859375,4450800
2023-07-11,64.52005004882812,71.9000015258789,71.95999908447266,71.7699966430664,71.83999633789062,5709100
2023-07-12,65.03153991699219,72.47000122070312,72.5199966430664,72.2300033569336,72.27999877929688,6397500
2023-07-13,65.4263687133789,72.91000366210938,72.94999694824219,72.69999694824219,72.75,5868400
2023-07-14,65.12128448486328,72.56999969482422,72.8499984741211,72.55999755859375,72.7699966430664,7410000
2023-07-17,65.19306182861328,72.6500015258789,72.69000244140625,72.51000213623047,72.58000183105469,5942700
2023-07-18,65.2738265991211,72.73999786376953,72.93000030517578,72.7300033569336,72.87999725341797,7748100
2023-07-19,65.4263687133789,72.91000366210938,72.9800033569336,72.7699966430664,72.87000274658203,11522100
2023-07-20,65.12128448486328,72.56999969482422,72.68000030517578,72.43000030517578,72.66999816894531,5262100
2023-07-21,65.16615295410156,72.62000274658203,72.75,72.58999633789062,72.69999694824219,5170600
2023-07-24,65.0584716796875,72.5,72.76000213623047,72.48999786376953,72.70999908447266,3553400
2023-07-25,64.98665618896484,72.41999816894531,72.48999786376953,72.31999969482422,72.3499984741211,4200800
2023-07-26,65.20204162597656,72.66000366210938,72.68000030517578,72.41999816894531,72.58999633789062,4478200
2023-07-27,64.64566802978516,72.04000091552734,72.56999969482422,71.97000122070312,72.5199966430664,5342600
2023-07-28,64.8699951171875,72.29000091552734,72.30999755859375,72.11000061035156,72.16999816894531,5273200
2023-07-31,64.98665618896484,72.41999816894531,72.48999786376953,72.30000305175781,72.30000305175781,4607900
2023-08-01,64.58447265625,71.77999877929688,71.98999786376953,71.69999694824219,71.93000030517578,11078000
2023-08-02,64.3775405883789,71.55000305175781,71.58000183105469,71.33000183105469,71.55000305175781,6546700
2023-08-03,63.981658935546875,71.11000061035156,71.19999694824219,71.02999877929688,71.12999725341797,5395200
2023-08-04,64.51251220703125,71.69999694824219,71.7300033569336,71.3499984741211,71.37000274658203,6925000
2023-08-07,64.41351318359375,71.58999633789062,71.66999816894531,71.52999877929688,71.62999725341797,4987400
2023-08-08,64.64744567871094,71.8499984741211,71.9800033569336,71.79000091552734,71.87000274658203,4338200
2023-08-09,64.66544342041016,71.87000274658203,71.95999908447266,71.81999969482422,71.8499984741211,4937800
2023-08-10,64.30555725097656,71.47000122070312,72.0199966430664,71.45999908447266,71.93000030517578,5195800
2023-08-11,64.09860229492188,71.23999786376953,71.47000122070312,71.22000122070312,71.26000213623047,4577400
2023-08-14,64.01760864257812,71.1500015258789,71.31999969482422,71.04000091552734,71.16000366210938,7992400
2023-08-15,63.873661041259766,70.98999786376953,71.19999694824219,70.97000122070312,71.02999877929688,5028100
2023-08-16,63.6937255859375,70.79000091552734,71.12000274658203,70.76000213623047,70.98999786376953,5149700
2023-08-17,63.63072967529297,70.72000122070312,70.81999969482422,70.58000183105469,70.80000305175781,7357800
2023-08-18,63.76569366455078,70.87000274658203,70.97000122070312,70.7300033569336,70.76000213623047,5094400
2023-08-21,63.45977783203125,70.52999877929688,70.63999938964844,70.44999694824219,70.61000061035156,4280100
2023-08-22,63.540775299072266,70.62000274658203,70.69000244140625,70.4800033569336,70.55000305175781,4301900
2023-08-23,64.11659240722656,71.26000213623047,71.2699966430664,70.97000122070312,70.9800033569336,5205800
2023-08-24,63.963626861572266,71.08999633789062,71.25,71.06999969482422,71.1500015258789,4186400
2023-08-25,63.963626861572266,71.08999633789062,71.22000122070312,70.86000061035156,71.01000213623047,4853100
2023-08-28,64.08061981201172,71.22000122070312,71.25,71.11000061035156,71.25,3969000
2023-08-29,64.47650146484375,71.66000366210938,71.68000030517578,71.11000061035156,71.12999725341797,6214600
2023-08-30,64.44952392578125,71.62999725341797,71.7699966430664,71.62000274658203,71.7300033569336,4721500
2023-08-31,64.55748748779297,71.75,71.86000061035156,71.68000030517578,71.72000122070312,4747100
2023-09-01,64.24710845947266,71.20999908447266,71.56999969482422,71.12999725341797,71.55000305175781,3940700
2023-09-05,63.8952522277832,70.81999969482422,71.05999755859375,70.80999755859375,71.05000305175781,4634300
2023-09-06,63.82307434082031,70.73999786376953,70.91000366210938,70.66000366210938,70.9000015258789,7800400
2023-09-07,64.03960418701172,70.9800033569336,70.98999786376953,70.80999755859375,70.88999938964844,4742800
2023-09-08,64.0576400756836,71.0,71.16999816894531,70.9800033569336,71.08999633789062,4270600
2023-09-11,63.95840072631836,70.88999938964844,70.94999694824219,70.83000183105469,70.9000015258789,4215800
2023-09-12,64.00352478027344,70.94000244140625,70.95999908447266,70.8499984741211,70.93000030517578,4246300
2023-09-13,64.1027603149414,71.05000305175781,71.12000274658203,70.86000061035156,70.86000061035156,6142500
2023-09-14,63.99449920654297,70.93000030517578,71.13999938964844,70.91000366210938,71.0999984741211,5227300
2023-09-15,63.86819839477539,70.79000091552734,70.91999816894531,70.7699966430664,70.9000015258789,4946100
2023-09-18,63.931331634521484,70.86000061035156,70.87999725341797,70.66999816894531,70.66999816894531,5882500
2023-09-19,63.7960090637207,70.70999908447266,70.86000061035156,70.68000030517578,70.80999755859375,4200900
2023-09-20,63.71481704711914,70.62000274658203,70.91999816894531,70.62000274658203,70.83999633789062,5518400
2023-09-21,63.31782913208008,70.18000030517578,70.29000091552734,70.16999816894531,70.2699966430664,9127100
2023-09-22,63.57948303222656,70.47000122070312,70.51000213623047,70.2300033569336,70.27999877929688,8149800
2023-09-25,63.110313415527344,69.94999694824219,70.18000030517578,69.94000244140625,70.11000061035156,22744300
2023-09-26,63.047183990478516,69.87999725341797,70.08999633789062,69.8499984741211,70.08000183105469,7329100
2023-09-27,62.82160949707031,69.62999725341797,70.11000061035156,69.48999786376953,70.0999984741211,7701800
2023-09-28,62.98401641845703,69.80999755859375,69.83000183105469,69.37999725341797,69.51000213623047,9004600
2023-09-29,62.956939697265625,69.77999877929688,70.12999725341797,69.69000244140625,70.05999755859375,7650600
2023-10-02,62.524478912353516,69.11000061035156,69.37000274658203,69.06999969482422,69.31999969482422,6719800
2023-10-03,62.01784896850586,68.55000305175781,69.05999755859375,68.52999877929688,68.9800033569336,8099500
2023-10-04,62.424957275390625,69.0,69.02999877929688,68.66000366210938,68.83000183105469,7915900
2023-10-05,62.47018814086914,69.05000305175781,69.1500015258789,68.97000122070312,69.12999725341797,6845000
2023-10-06,62.22593688964844,68.77999877929688,68.94000244140625,68.48999786376953,68.54000091552734,8385100
2023-10-09,62.85923767089844,69.4800033569336,69.4800033569336,69.05999755859375,69.13999938964844,3561600
2023-10-10,62.7959098815918,69.41000366210938,69.55999755859375,69.13999938964844,69.2300033569336,11555900
2023-10-11,63.08541488647461,69.7300033569336,69.73999786376953,69.5199966430664,69.62999725341797,18074400
2023-10-12,62.54256820678711,69.12999725341797,69.61000061035156,69.06999969482422,69.58999633789062,6144000
2023-10-13,62.83209991455078,69.44999694824219,69.55999755859375,69.3499984741211,69.52999877929688,5570100
2023-10-16,62.50639724731445,69.08999633789062,69.26000213623047,69.05999755859375,69.26000213623047,4914800
2023-10-17,62.099266052246094,68.63999938964844,68.7699966430664,68.5199966430664,68.68000030517578,5851900
2023-10-18,61.82785415649414,68.33999633789062,68.55000305175781,68.2300033569336,68.5,5885900
2023-10-19,61.55645751953125,68.04000091552734,68.41000366210938,68.0,68.2699966430664,9433800
2023-10-20,61.78262710571289,68.29000091552734,68.37999725341797,68.19000244140625,68.22000122070312,5197700
2023-10-23,62.01784896850586,68.55000305175781,68.6500015258789,67.98999786376953,68.08000183105469,9587100
2023-10-24,62.22593688964844,68.77999877929688,68.79000091552734,68.4800033569336,68.58999633789062,9462100
2023-10-25,61.755489349365234,68.26000213623047,68.5199966430664,68.19999694824219,68.5,7392400
2023-10-26,62.17165756225586,68.72000122070312,68.7300033569336,68.33999633789062,68.3499984741211,11426600
2023-10-27,62.17165756225586,68.72000122070312,68.72000122070312,68.5199966430664,68.66999816894531,5325500
2023-10-30,62.01784896850586,68.55000305175781,68.63999938964844,68.38999938964844,68.5,5905300
2023-10-31,61.999759674072266,68.52999877929688,68.75,68.51000213623047,68.63999938964844,9248200
2023-11-01,62.60135269165039,68.98999786376953,69.0,68.44999694824219,68.4800033569336,9330800
2023-11-02,62.96432876586914,69.38999938964844,69.5,69.22000122070312,69.43000030517578,8409100
2023-11-03,63.33636474609375,69.80000305175781,70.16999816894531,69.79000091552734,70.02999877929688,7995700
2023-11-06,63.064151763916016,69.5,69.66999816894531,69.44000244140625,69.62999725341797,7822000
2023-11-07,63.38173294067383,69.8499984741211,69.98999786376953,69.6500015258789,69.68000030517578,7986100
2023-11-08,63.58134460449219,70.06999969482422,70.1500015258789,69.87000274658203,69.87999725341797,6543700
2023-11-09,63.109527587890625,69.55000305175781,70.04000091552734,69.5199966430664,70.0,6979700
2023-11-10,63.22748565673828,69.68000030517578,69.87000274658203,69.62000274658203,69.86000061035156,4381800
2023-11-13,63.20933151245117,69.66000366210938,69.68000030517578,69.36000061035156,69.41999816894531,6058600
2023-11-14,63.98060989379883,70.51000213623047,70.56999969482422,70.4000015258789,70.48999786376953,8237100
2023-11-15,63.62672805786133,70.12000274658203,70.23999786376953,70.02999877929688,70.22000122070312,6793500
2023-11-16,64.0078353881836,70.54000091552734,70.61000061035156,70.41000366210938,70.41000366210938,5623900
2023-11-17,64.09856414794922,70.63999938964844,70.69999694824219,70.4800033569336,70.61000061035156,5657300
2023-11-20,64.1893310546875,70.73999786376953,70.7699966430664,70.51000213623047,70.58000183105469,6959100
2023-11-21,64.28004455566406,70.83999633789062,70.87999725341797,70.66999816894531,70.80999755859375,5737800
2023-11-22,64.33451080322266,70.9000015258789,71.02999877929688,70.73999786376953,70.9800033569336,4949100
2023-11-24,64.0259780883789,70.55999755859375,70.69999694824219,70.55000305175781,70.6500015258789,3534800
2023-11-27,64.41616821289062,70.98999786376953,70.98999786376953,70.69999694824219,70.75,5257000
2023-11-28,64.68841552734375,71.29000091552734,71.30999755859375,70.9000015258789,70.94999694824219,7051400
2023-11-29,65.02412414550781,71.66000366210938,71.69999694824219,71.45999908447266,71.55000305175781,7615800
2023-11-30,64.81541442871094,71.43000030517578,71.5199966430664,71.30000305175781,71.51000213623047,9880000
2023-12-01,65.34410095214844,71.80999755859375,71.83999633789062,71.19999694824219,71.22000122070312,7643500
2023-12-04,65.0802001953125,71.5199966430664,71.66999816894531,71.41000366210938,71.56999969482422,11164600
2023-12-05,65.4988021850586,71.9800033569336,72.04000091552734,71.75,71.83000183105469,8393500
2023-12-06,65.68991088867188,72.19000244140625,72.30999755859375,72.05000305175781,72.1500015258789,9365200
2023-12-07,65.67169952392578,72.16999816894531,72.36000061035156,72.0999984741211,72.11000061035156,9876000
2023-12-08,65.35321044921875,71.81999969482422,71.94999694824219,71.70999908447266,71.87000274658203,7349900
2023-12-11,65.36231231689453,71.83000183105469,71.87999725341797,71.61000061035156,71.79000091552734,12895800
2023-12-12,65.55339050292969,72.04000091552734,72.05999755859375,71.79000091552734,71.87000274658203,8052300
2023-12-13,66.39055633544922,72.95999908447266,73.01000213623047,72.16999816894531,72.20999908447266,7172600
2023-12-14,66.89100646972656,73.51000213623047,73.62999725341797,73.30000305175781,73.36000061035156,9105500
2023-12-15,66.79094696044922,73.4000015258789,73.52999877929688,73.30999755859375,73.4000015258789,7996700
2023-12-18,66.65442657470703,73.25,73.30999755859375,73.19999694824219,73.30000305175781,6144200
2023-12-19,66.78182220458984,73.38999938964844,73.47000122070312,73.33999633789062,73.36000061035156,6924100
2023-12-20,67.00020599365234,73.62999725341797,73.66999816894531,73.4000015258789,73.51000213623047,7496100
2023-12-21,66.99112701416016,73.62000274658203,73.81999969482422,73.51000213623047,73.77999877929688,6912600
2023-12-22,66.9464111328125,73.36000061035156,73.54000091552734,73.27999877929688,73.52999877929688,5890700
2023-12-26,67.01029205322266,73.43000030517578,73.4800033569336,73.31999969482422,73.3499984741211,6394600
2023-12-27,67.43921661376953,73.9000015258789,73.91999816894531,73.63999938964844,73.69999694824219,7467700
2023-12-28,67.27494812011719,73.72000122070312,73.88999938964844,73.63999938964844,73.80999755859375,8166600
2023-12-29,67.11981201171875,73.55000305175781,73.70999908447266,73.4800033569336,73.55000305175781,6939800
2024-01-02,66.8368911743164,73.23999786376953,73.36000061035156,73.19000244140625,73.26000213623047,8334200
2024-01-03,66.89165496826172,73.30000305175781,73.3499984741211,72.87999725341797,73.01000213623047,6477200
2024-01-04,66.59050750732422,72.97000122070312,73.05000305175781,72.87999725341797,72.95999908447266,5056900
2024-01-05,66.3897476196289,72.75,73.16999816894531,72.69000244140625,72.76000213623047,6223400
2024-01-08,66.6817855834961,73.06999969482422,73.18000030517578,72.79000091552734,72.83000183105469,7937500
2024-01-09,66.6726303100586,73.05999755859375,73.13999938964844,72.94999694824219,72.9800033569336,5649400
2024-01-10,66.55400085449219,72.93000030517578,73.23999786376953,72.93000030517578,73.19000244140625,6578400
2024-01-11,66.9007797241211,73.30999755859375,73.36000061035156,72.94000244140625,73.04000091552734,7537300
2024-01-12,67.03765869140625,73.45999908447266,73.63999938964844,73.3499984741211,73.48999786376953,4461200
2024-01-16,66.5631332397461,72.94000244140625,73.2699966430664,72.8499984741211,73.20999908447266,5724700
2024-01-17,66.40800476074219,72.7699966430664,72.83999633789062,72.62999725341797,72.76000213623047,12370300
2024-01-18,66.3167495727539,72.66999816894531,72.83000183105469,72.58999633789062,72.80000305175781,6086200
2024-01-19,66.3167495727539,72.66999816894531,72.68000030517578,72.43000030517578,72.58000183105469,7883100
2024-01-22,66.42623901367188,72.79000091552734,72.94000244140625,72.76000213623047,72.88999938964844,10321400
2024-01-23,66.2711181640625,72.62000274658203,72.68000030517578,72.55000305175781,72.68000030517578,6840400
2024-01-24,66.13423919677734,72.47000122070312,72.93000030517578,72.44999694824219,72.93000030517578,7483800
2024-01-25,66.44449615478516,72.80999755859375,72.81999969482422,72.66000366210938,72.75,8361100
2024-01-26,66.34412384033203,72.69999694824219,72.81999969482422,72.6500015258789,72.81999969482422,9120500
2024-01-29,66.60875701904297,72.98999786376953,73.05999755859375,72.80999755859375,72.9000015258789,7677600
2024-01-30,66.72740173339844,73.12000274658203,73.18000030517578,72.87000274658203,73.16000366210938,6688100
2024-01-31,67.01029205322266,73.43000030517578,73.58999633789062,73.27999877929688,73.4000015258789,9916600
2024-02-01,67.41483306884766,73.66000366210938,73.83000183105469,73.4000015258789,73.51000213623047,12060800
2024-02-02,66.81078338623047,73.0,73.13999938964844,72.87000274658203,73.02999877929688,7820000
2024-02-05,66.27995300292969,72.41999816894531,72.61000061035156,72.3499984741211,72.58000183105469,7577100
2024-02-06,66.59114074707031,72.76000213623047,72.83000183105469,72.5,72.52999877929688,8310500
2024-02-07,66.4629898071289,72.62000274658203,72.86000061035156,72.61000061035156,72.6500015258789,9257500
2024-02-08,66.28911590576172,72.43000030517578,72.55999755859375,72.38999938964844,72.5,7987500
2024-02-09,66.23418426513672,72.37000274658203,72.4000015258789,72.29000091552734,72.33000183105469,5940700
2024-02-12,66.25251007080078,72.38999938964844,72.48999786376953,72.30999755859375,72.44999694824219,6063000
2024-02-13,65.6759262084961,71.76000213623047,72.0,71.73999786376953,71.9800033569336,12938800
2024-02-14,65.92300415039062,72.02999877929688,72.08999633789062,71.80999755859375,71.83000183105469,6915700
2024-02-15,66.1060562133789,72.2300033569336,72.33999633789062,72.11000061035156,72.30999755859375,6733900
2024-02-16,65.89556884765625,72.0,72.01000213623047,71.86000061035156,71.91000366210938,5029200
2024-02-20,65.97793579101562,72.08999633789062,72.20999908447266,72.05000305175781,72.12000274658203,7605000
2024-02-21,65.79489135742188,71.88999938964844,72.16999816894531,71.86000061035156,72.16999816894531,6625600
2024-02-22,65.82233428955078,71.91999816894531,72.0199966430664,71.83999633789062,71.93000030517578,11884200
2024-02-23,66.060302734375,72.18000030517578,72.25,71.93000030517578,71.93000030517578,6147200
2024-02-26,65.94134521484375,72.05000305175781,72.19999694824219,71.93000030517578,72.19999694824219,5255800
2024-02-27,65.84063720703125,71.94000244140625,72.11000061035156,71.91000366210938,72.0199966430664,5534300
2024-02-28,65.98706817626953,72.0999984741211,72.12999725341797,71.95999908447266,72.0,5255300
2024-02-29,66.09690856933594,72.22000122070312,72.36000061035156,72.16999816894531,72.19999694824219,6002900
2024-03-01,66.37408447265625,72.31999969482422,72.37000274658203,71.80999755859375,71.94000244140625,6366800
2024-03-04,66.21807861328125,72.1500015258789,72.2300033569336,72.0999984741211,72.12999725341797,26404700
2024-03-05,66.57598876953125,72.54000091552734,72.62000274658203,72.38999938964844,72.44999694824219,6208600
2024-03-06,66.6953125,72.66999816894531,72.80999755859375,72.61000061035156,72.62000274658203,28955300
2024-03-07,66.8054428100586,72.79000091552734,72.8499984741211,72.66000366210938,72.83999633789062,7495500
2024-03-08,66.86968994140625,72.86000061035156,72.97000122070312,72.80999755859375,72.91000366210938,7187700
2024-03-11,66.84215545654297,72.83000183105469,72.91000366210938,72.76000213623047,72.9000015258789,5626200
2024-03-12,66.64022827148438,72.61000061035156,72.72000122070312,72.55000305175781,72.70999908447266,4699400
2024-03-13,66.53011322021484,72.48999786376953,72.62000274658203,72.47000122070312,72.54000091552734,6123200
2024-03-14,66.13545989990234,72.05999755859375,72.30000305175781,72.05000305175781,72.30000305175781,5214000
2024-03-15,66.09876251220703,72.0199966430664,72.11000061035156,71.97000122070312,72.02999877929688,4783900
2024-03-18,66.0161361694336,71.93000030517578,72.04000091552734,71.9000015258789,72.01000213623047,5284200
2024-03-19,66.1905288696289,72.12000274658203,72.19000244140625,72.0199966430664,72.05000305175781,4560100
2024-03-20,66.30982971191406,72.25,72.38999938964844,72.02999877929688,72.16999816894531,5287200
2024-03-21,66.3648910522461,72.30999755859375,72.44000244140625,72.23999786376953,72.4000015258789,5492900
2024-03-22,66.5851821899414,72.55000305175781,72.62000274658203,72.48999786376953,72.61000061035156,4169400
2024-03-25,66.45668029785156,72.41000366210938,72.5,72.36000061035156,72.5,7950500
2024-03-26,66.51174926757812,72.47000122070312,72.48999786376953,72.31999969482422,72.44000244140625,7603100
2024-03-27,66.74120330810547,72.72000122070312,72.75,72.5199966430664,72.56999969482422,7825200
2024-03-28,66.65857696533203,72.62999725341797,72.75,72.56999969482422,72.63999938964844,5326400
2024-04-01,66.20384979248047,71.91999816894531,72.19000244140625,71.86000061035156,72.1500015258789,6157500
2024-04-02,66.13020324707031,71.83999633789062,71.8499984741211,71.58000183105469,71.68000030517578,9043000
2024-04-03,66.17625427246094,71.88999938964844,71.9000015258789,71.55999755859375,71.6500015258789,5419200
2024-04-04,66.31431579589844,72.04000091552734,72.05999755859375,71.87000274658203,72.05999755859375,12412900
2024-04-05,65.98294067382812,71.68000030517578,71.93000030517578,71.68000030517578,71.7699966430664,11531700
2024-04-08,65.92770385742188,71.62000274658203,71.69999694824219,71.56999969482422,71.61000061035156,13873100
2024-04-09,66.16700744628906,71.87999725341797,71.93000030517578,71.80999755859375,71.81999969482422,8886200
2024-04-10,65.393798828125,71.04000091552734,71.4000015258789,71.01000213623047,71.37999725341797,8196500
2024-04-11,65.393798828125,71.04000091552734,71.2300033569336,70.91000366210938,71.19000244140625,16574100
2024-04-12,65.54109954833984,71.19999694824219,71.3499984741211,71.19000244140625,71.26000213623047,12479100
2024-04-15,65.10845184326172,70.7300033569336,70.86000061035156,70.62999725341797,70.8499984741211,8079200
2024-04-16,64.94275665283203,70.55000305175781,70.61000061035156,70.41999816894531,70.5199966430664,14378900
2024-04-17,65.2557144165039,70.88999938964844,70.94000244140625,70.66000366210938,70.7699966430664,6568500
2024-04-18,65.08082580566406,70.69999694824219,70.88999938964844,70.63999938964844,70.87999725341797,6349500
2024-04-19,65.1636734008789,70.79000091552734,70.87999725341797,70.7300033569336,70.8499984741211,8338300
2024-04-22,65.1912841796875,70.81999969482422,70.87999725341797,70.72000122070312,70.76000213623047,5938300
2024-04-23,65.31095123291016,70.94999694824219,71.11000061035156,70.70999908447266,70.77999877929688,6044400
2024-04-24,65.145263671875,70.7699966430664,70.83999633789062,70.62999725341797,70.83999633789062,4616600
2024-04-25,64.96116638183594,70.56999969482422,70.58999633789062,70.37000274658203,70.44999694824219,5367500
2024-04-26,65.10845184326172,70.7300033569336,70.83000183105469,70.69999694824219,70.69999694824219,4256600
2024-04-29,65.30174255371094,70.94000244140625,70.9800033569336,70.81999969482422,70.8499984741211,4799500
2024-04-30,65.05320739746094,70.66999816894531,70.83999633789062,70.61000061035156,70.7300033569336,6605800
2024-05-01,65.28771209716797,70.70999908447266,70.93000030517578,70.5,70.5999984741211,8119200
2024-05-02,65.54625701904297,70.98999786376953,71.0199966430664,70.6500015258789,70.69000244140625,6014800
2024-05-03,65.87865447998047,71.3499984741211,71.55000305175781,71.18000030517578,71.44999694824219,7256900
2024-05-06,65.94328308105469,71.41999816894531,71.47000122070312,71.33999633789062,71.4000015258789,5584300
2024-05-07,66.07254791259766,71.55999755859375,71.7300033569336,71.51000213623047,71.63999938964844,4635400
2024-05-08,65.91558074951172,71.38999938964844,71.47000122070312,71.38999938964844,71.41999816894531,6774500
2024-05-09,66.09101867675781,71.58000183105469,71.62000274658203,71.36000061035156,71.4000015258789,4525200
2024-05-10,65.90633392333984,71.37999725341797,71.4800033569336,71.3499984741211,71.45999908447266,5562000
2024-05-13,65.96176147460938,71.44000244140625,71.5999984741211,71.43000030517578,71.5999984741211,5600500
2024-05-14,66.15563201904297,71.6500015258789,71.69999694824219,71.54000091552734,71.62999725341797,4272500
2024-05-15,66.58037567138672,72.11000061035156,72.16000366210938,71.94000244140625,72.0199966430664,4208200
2024-05-16,66.46955871582031,71.98999786376953,72.16000366210938,71.97000122070312,72.12999725341797,4359500
2024-05-17,66.30335235595703,71.80999755859375,71.98999786376953,71.80000305175781,71.93000030517578,4373500
2024-05-20,66.23872375488281,71.73999786376953,71.80000305175781,71.7300033569336,71.7699966430664,3699600
2024-05-21,66.37723541259766,71.88999938964844,71.93000030517578,71.8499984741211,71.93000030517578,4612300
2024-05-22,66.29412841796875,71.80000305175781,71.87999725341797,71.72000122070312,71.73999786376953,4306200
2024-05-23,66.1002426147461,71.58999633789062,71.8499984741211,71.51000213623047,71.81999969482422,3589900
2024-05-24,66.17410278320312,71.66999816894531,71.69000244140625,71.52999877929688,71.56999969482422,4025200
2024-05-28,65.86019897460938,71.33000183105469,71.73999786376953,71.30999755859375,71.73999786376953,4743400
2024-05-29,65.6201400756836,71.06999969482422,71.20999908447266,70.97000122070312,71.19999694824219,4877500
2024-05-30,65.90633392333984,71.37999725341797,71.41999816894531,71.26000213623047,71.31999969482422,3723200
2024-05-31,66.14641571044922,71.63999938964844,71.68000030517578,71.54000091552734,71.55000305175781,4193000
2024-06-03,66.51594543457031,71.81999969482422,71.83000183105469,71.52999877929688,71.56999969482422,4798900
2024-06-04,66.76599884033203,72.08999633789062,72.13999938964844,71.91000366210938,71.95999908447266,5298400
2024-06-05,66.95124053955078,72.29000091552734,72.30000305175781,72.0,72.18000030517578,5506400
2024-06-06,66.96050262451172,72.30000305175781,72.33000183105469,72.16999816894531,72.16999816894531,4119700
2024-06-07,66.42333221435547,71.72000122070312,71.83000183105469,71.70999908447266,71.83000183105469,3826500
2024-06-10,66.32144927978516,71.61000061035156,71.6500015258789,71.54000091552734,71.62000274658203,3925100
2024-06-11,66.59004974365234,71.9000015258789,71.93000030517578,71.66000366210938,71.68000030517578,4073200
2024-06-12,66.89566802978516,72.2300033569336,72.58000183105469,72.22000122070312,72.41999816894531,4495700
2024-06-13,67.1920394897461,72.55000305175781,72.63999938964844,72.38999938964844,72.45999908447266,4339600
2024-06-14,67.29389190673828,72.66000366210938,72.7300033569336,72.5999984741211,72.66000366210938,3527000
2024-06-17,67.04383087158203,72.38999938964844,72.41000366210938,72.29000091552734,72.37000274658203,4019000
2024-06-18,67.27538299560547,72.63999938964844,72.73999786376953,72.47000122070312,72.4800033569336,8491900
2024-06-20,67.14572143554688,72.5,72.52999877929688,72.3499984741211,72.4000015258789,4227800
2024-06-21,67.16423034667969,72.5199966430664,72.68000030517578,72.43000030517578,72.63999938964844,4115300
2024-06-24,67.20128631591797,72.55999755859375,72.58000183105469,72.45999908447266,72.54000091552734,31937200
2024-06-25,67.23832702636719,72.5999984741211,72.61000061035156,72.4800033569336,72.56999969482422,5958500
2024-06-26,66.92345428466797,72.26000213623047,72.31999969482422,72.2300033569336,72.30000305175781,5910600
2024-06-27,67.04383087158203,72.38999938964844,72.45999908447266,72.36000061035156,72.4000015258789,5514800
2024-06-28,66.72895812988281,72.05000305175781,72.55000305175781,72.05000305175781,72.55000305175781,4824500
2024-07-01,66.37686157226562,71.44999694824219,71.76000213623047,71.4000015258789,71.58000183105469,4960000
2024-07-02,66.57193756103516,71.66000366210938,71.73999786376953,71.56999969482422,71.69000244140625,6080100
2024-07-03,66.95286560058594,72.06999969482422,72.0999984741211,71.80999755859375,71.86000061035156,4438600
2024-07-05,67.25940704345703,72.4000015258789,72.44999694824219,72.22000122070312,72.26000213623047,4201700
2024-07-08,67.25940704345703,72.4000015258789,72.44999694824219,72.29000091552734,72.38999938964844,4742300
2024-07-09,67.23155212402344,72.37000274658203,72.41999816894531,72.20999908447266,72.37000274658203,8533200
2024-07-10,67.28727722167969,72.43000030517578,72.47000122070312,72.31999969482422,72.41999816894531,5591500
2024-07-11,67.6217269897461,72.79000091552734,72.94000244140625,72.7699966430664,72.83000183105469,4978100
2024-07-12,67.7982406616211,72.9800033569336,72.9800033569336,72.80000305175781,72.8499984741211,4656800
2024-07-15,67.58455657958984,72.75,72.91000366210938,72.7300033569336,72.80999755859375,4557200
2024-07-16,67.84467315673828,73.02999877929688,73.04000091552734,72.80999755859375,72.81999969482422,4636600
2024-07-17,67.90972137451172,73.0999984741211,73.13999938964844,72.88999938964844,72.94000244140625,8365100
2024-07-18,67.73318481445312,72.91000366210938,73.11000061035156,72.87000274658203,72.9800033569336,7673700
2024-07-19,67.55668640136719,72.72000122070312,72.98999786376953,72.69999694824219,72.98999786376953,5593100
2024-07-22,67.52884674072266,72.69000244140625,72.8499984741211,72.5999984741211,72.83000183105469,5055700
2024-07-23,67.5381088256836,72.69999694824219,72.83000183105469,72.69000244140625,72.7300033569336,6981700
2024-07-24,67.343017578125,72.48999786376953,72.83999633789062,72.48999786376953,72.79000091552734,5080200
2024-07-25,67.4916763305664,72.6500015258789,72.80999755859375,72.56999969482422,72.56999969482422,4567700
2024-07-26,67.7610855102539,72.94000244140625,72.95999908447266,72.83999633789062,72.88999938964844,3692700
2024-07-29,67.84467315673828,73.02999877929688,73.13999938964844,72.95999908447266,73.05000305175781,5185000
2024-07-30,67.92828369140625,73.12000274658203,73.16999816894531,72.97000122070312,73.13999938964844,4282400
2024-07-31,68.29988861083984,73.5199966430664,73.5199966430664,73.19000244140625,73.37999725341797,6041400
2024-08-01,68.55522155761719,73.56999969482422,73.68000030517578,73.44000244140625,73.5,8733700
2024-08-02,69.33797454833984,74.41000366210938,74.44000244140625,74.0,74.12999725341797,6476300
2024-08-05,69.27275085449219,74.33999633789062,74.80000305175781,74.19000244140625,74.79000091552734,8354200
2024-08-06,68.8440933227539,73.87999725341797,74.27999877929688,73.87999725341797,74.26000213623047,6484400
2024-08-07,68.67636108398438,73.69999694824219,73.87999725341797,73.58999633789062,73.80999755859375,5907200
2024-08-08,68.57383728027344,73.58999633789062,73.62999725341797,73.47000122070312,73.5,4357500
2024-08-09,68.81611633300781,73.8499984741211,73.94000244140625,73.80999755859375,73.9000015258789,6093100
2024-08-12,68.93727111816406,73.9800033569336,74.0199966430664,73.73999786376953,73.80999755859375,4822900
2024-08-13,69.19818115234375,74.26000213623047,74.2699966430664,74.13999938964844,74.19000244140625,4049000
2024-08-14,69.3286361694336,74.4000015258789,74.4800033569336,74.26000213623047,74.30999755859375,6333600
2024-08-15,69.0397720336914,74.08999633789062,74.08999633789062,73.91000366210938,73.95999908447266,5108300
2024-08-16,69.18887329101562,74.25,74.25,74.05000305175781,74.22000122070312,4647700
2024-08-19,69.27275085449219,74.33999633789062,74.41999816894531,74.20999908447266,74.23999786376953,4964700
2024-08-20,69.47772216796875,74.55999755859375,74.58000183105469,74.41000366210938,74.48999786376953,4444000
2024-08-21,69.62682342529297,74.72000122070312,74.83999633789062,74.5,74.6500015258789,4541800
2024-08-22,69.34727478027344,74.41999816894531,74.58000183105469,74.33000183105469,74.55999755859375,3999700
2024-08-23,69.65477752685547,74.75,74.77999877929688,74.4800033569336,74.58000183105469,4292000
2024-08-26,69.5802230834961,74.66999816894531,74.8499984741211,74.66999816894531,74.8499984741211,4427200
2024-08-27,69.5802230834961,74.66999816894531,74.69999694824219,74.48999786376953,74.51000213623047,3715900
2024-08-28,69.53364562988281,74.62000274658203,74.7300033569336,74.5999984741211,74.66999816894531,5179900
2024-08-29,69.43114471435547,74.51000213623047,74.55999755859375,74.41999816894531,74.51000213623047,3840800
2024-08-30,69.29136657714844,74.36000061035156,74.63999938964844,74.31999969482422,74.55000305175781,5037400
2024-09-03,69.58671569824219,74.44999694824219,74.55999755859375,74.33000183105469,74.41000366210938,6220100
2024-09-04,69.89517974853516,74.77999877929688,74.80999755859375,74.47000122070312,74.48999786376953,7338600
2024-09-05,70.06340789794922,74.95999908447266,74.98999786376953,74.7300033569336,74.93000030517578,9994300
2024-09-06,70.14752960205078,75.05000305175781,75.36000061035156,74.87000274658203,75.0,22536000
2024-09-09,70.24099731445312,75.1500015258789,75.20999908447266,74.94000244140625,75.02999877929688,5040900
2024-09-10,70.47465515136719,75.4000015258789,75.41999816894531,75.13999938964844,75.18000030517578,5653900
2024-09-11,70.43726348876953,75.36000061035156,75.51000213623047,75.2300033569336,75.27999877929688,6471000
2024-09-12,70.3625259399414,75.27999877929688,75.38999938964844,75.19000244140625,75.33000183105469,5685400
2024-09-13,70.51205444335938,75.44000244140625,75.5199966430664,75.36000061035156,75.45999908447266,4786700
2024-09-16,70.6989974975586,75.63999938964844,75.66999816894531,75.44000244140625,75.5,4734900
2024-09-17,70.60552978515625,75.54000091552734,75.66000366210938,75.5,75.63999938964844,5398400
2024-09-18,70.39054107666016,75.30999755859375,75.66999816894531,75.30000305175781,75.41999816894531,5695700
2024-09-19,70.39054107666016,75.30999755859375,75.3499984741211,75.16999816894531,75.22000122070312,5135600
2024-09-20,70.38121032714844,75.30000305175781,75.38999938964844,75.13999938964844,75.22000122070312,4265000
2024-09-23,70.33446502685547,75.25,75.36000061035156,75.05000305175781,75.18000030517578,6632500
2024-09-24,70.41857147216797,75.33999633789062,75.37000274658203,75.06999969482422,75.12000274658203,5017900
2024-09-25,70.1568603515625,75.05999755859375,75.2300033569336,75.05999755859375,75.2300033569336,4793100
2024-09-26,70.1568603515625,75.05999755859375,75.16999816894531,74.91999816894531,75.13999938964844,4919700
2024-09-27,70.3625259399414,75.27999877929688,75.33000183105469,75.1500015258789,75.2300033569336,3927900
2024-09-30,70.20362091064453,75.11000061035156,75.26000213623047,75.02999877929688,75.25,5661900
2024-10-01,70.41079711914062,75.11000061035156,75.26000213623047,75.05000305175781,75.12999725341797,6267100
2024-10-02,70.279541015625,74.97000122070312,75.0,74.7699966430664,74.8499984741211,6902500
2024-10-03,69.9701919555664,74.63999938964844,74.8499984741211,74.63999938964844,74.83000183105469,7733800
2024-10-04,69.51083374023438,74.1500015258789,74.30000305175781,74.11000061035156,74.16999816894531,5218300
2024-10-07,69.30461120605469,73.93000030517578,74.0199966430664,73.88999938964844,73.94000244140625,7044200
2024-10-08,69.40773010253906,74.04000091552734,74.04000091552734,73.81999969482422,73.87999725341797,8642400
2024-10-09,69.22023010253906,73.83999633789062,73.94000244140625,73.80000305175781,73.94000244140625,4997800
2024-10-10,69.1921157836914,73.80999755859375,73.8499984741211,73.62000274658203,73.79000091552734,4579000
2024-10-11,69.20149993896484,73.81999969482422,73.91999816894531,73.7300033569336,73.83000183105469,8508000
2024-10-14,69.15460968017578,73.7699966430664,73.7699966430664,73.58000183105469,73.5999984741211,3380100
2024-10-15,69.42644500732422,74.05999755859375,74.08999633789062,73.8499984741211,73.98999786376953,4456200
2024-10-16,69.52022552490234,74.16000366210938,74.23999786376953,74.11000061035156,74.13999938964844,7437800
2024-10-17,69.18275451660156,73.80000305175781,73.98999786376953,73.76000213623047,73.98999786376953,4250400
2024-10-18,69.22023010253906,73.83999633789062,73.9800033569336,73.83999633789062,73.9000015258789,3930300
2024-10-21,68.75152587890625,73.33999633789062,73.6500015258789,73.31999969482422,73.6500015258789,5259900
2024-10-22,68.7796401977539,73.37000274658203,73.48999786376953,73.27999877929688,73.44999694824219,4633000
2024-10-23,68.61092376708984,73.19000244140625,73.37000274658203,73.08000183105469,73.36000061035156,6429400
2024-10-24,68.72339630126953,73.30999755859375,73.44000244140625,73.16999816894531,73.27999877929688,6219500
2024-10-25,68.58279418945312,73.16000366210938,73.4800033569336,73.12999725341797,73.4800033569336,4641400
2024-10-28,68.49840545654297,73.06999969482422,73.27999877929688,72.94999694824219,73.23999786376953,4582800
2024-10-29,68.55464935302734,73.12999725341797,73.13999938964844,72.79000091552734,72.9000015258789,5543800
2024-10-30,68.48905181884766,73.05999755859375,73.43000030517578,73.0199966430664,73.2699966430664,4610300
2024-10-31,68.47966766357422,73.05000305175781,73.16000366210938,72.83000183105469,72.94999694824219,6115700
2024-11-01,68.21448516845703,72.54000091552734,73.08000183105469,72.51000213623047,73.04000091552734,6409800
2024-11-04,68.48717498779297,72.83000183105469,73.01000213623047,72.69999694824219,72.81999969482422,6860100
2024-11-05,68.65644073486328,73.01000213623047,73.02999877929688,72.5999984741211,72.5999984741211,6236900
2024-11-06,68.09223937988281,72.41000366210938,72.58999633789062,72.2300033569336,72.26000213623047,6382500
2024-11-07,68.60002899169922,72.94999694824219,73.02999877929688,72.5,72.5,6590200
2024-11-08,68.73168182373047,73.08999633789062,73.23999786376953,72.95999908447266,72.95999908447266,5398500
2024-11-11,68.60002899169922,72.94999694824219,73.0,72.8499984741211,73.0,4372000
2024-11-12,68.18627166748047,72.51000213623047,72.81999969482422,72.45999908447266,72.73999786376953,7197800
2024-11-13,68.15805053710938,72.4800033569336,72.91999816894531,72.41000366210938,72.91999816894531,5458100
2024-11-14,68.13922882080078,72.45999908447266,72.72000122070312,72.41000366210938,72.5999984741211,6643300
2024-11-15,68.15805053710938,72.4800033569336,72.66000366210938,72.19999694824219,72.33999633789062,18467300
2024-11-18,68.22388458251953,72.55000305175781,72.61000061035156,72.33000183105469,72.4000015258789,4964800
2024-11-19,68.34612274169922,72.68000030517578,72.77999877929688,72.66000366210938,72.76000213623047,4900500
2024-11-20,68.27090454101562,72.5999984741211,72.69000244140625,72.5,72.51000213623047,6557800
2024-11-21,68.2332763671875,72.55999755859375,72.73999786376953,72.5,72.5999984741211,5115500
2024-11-22,68.26148223876953,72.58999633789062,72.66999816894531,72.5199966430664,72.62000274658203,10409500
2024-11-25,68.89154815673828,73.26000213623047,73.2699966430664,73.01000213623047,73.01000213623047,10207100
2024-11-26,68.76929473876953,73.12999725341797,73.18000030517578,72.94000244140625,73.18000030517578,5537900
2024-11-27,68.95736694335938,73.33000183105469,73.41999816894531,73.20999908447266,73.20999908447266,5366600
2024-11-29,69.21127319335938,73.5999984741211,73.62999725341797,73.5,73.5,3870800
2024-12-02,69.2518310546875,73.41999816894531,73.4800033569336,73.16999816894531,73.29000091552734,6212800
2024-12-03,69.09149169921875,73.25,73.55000305175781,73.19999694824219,73.52999877929688,6249200
2024-12-04,69.32728576660156,73.5,73.55000305175781,73.08999633789062,73.19999694824219,6769700
2024-12-05,69.33672332763672,73.51000213623047,73.55999755859375,73.3499984741211,73.37999725341797,6146200
2024-12-06,69.52534484863281,73.70999908447266,73.79000091552734,73.56999969482422,73.7300033569336,4880500
2024-12-09,69.31785583496094,73.48999786376953,73.6500015258789,73.47000122070312,73.6500015258789,5432900
2024-12-10,69.24240112304688,73.41000366210938,73.47000122070312,73.31999969482422,73.37999725341797,5751900
2024-12-11,69.09149169921875,73.25,73.58999633789062,73.22000122070312,73.58999633789062,4642900
2024-12-12,68.81793975830078,72.95999908447266,73.20999908447266,72.93000030517578,73.01000213623047,6880600
2024-12-13,68.54440307617188,72.66999816894531,72.91000366210938,72.63999938964844,72.91000366210938,5171400
2024-12-16,68.619873046875,72.75,72.88999938964844,72.6500015258789,72.75,7871100
2024-12-17,68.6292953491211,72.76000213623047,72.83999633789062,72.70999908447266,72.73999786376953,6084800
2024-12-18,68.09168243408203,72.19000244140625,72.81999969482422,72.18000030517578,72.76000213623047,7962700
2024-12-19,67.90301513671875,71.98999786376953,72.12000274658203,71.87999725341797,72.04000091552734,7669100
2024-12-20,68.11053466796875,72.20999908447266,72.41000366210938,72.19000244140625,72.30000305175781,6696400
2024-12-23,67.89358520507812,71.9800033569336,72.20999908447266,71.94000244140625,72.12999725341797,7605400
2024-12-24,67.99104309082031,71.8499984741211,71.8499984741211,71.62000274658203,71.6500015258789,4185300
2024-12-26,68.03836822509766,71.9000015258789,71.91999816894531,71.62999725341797,71.62999725341797,8714400
2024-12-27,67.89643096923828,71.75,71.93000030517578,71.73999786376953,71.88999938964844,9018700
2024-12-30,68.16138458251953,72.02999877929688,72.08000183105469,71.9000015258789,71.9000015258789,8054500
2024-12-31,68.04782104492188,71.91000366210938,72.16999816894531,71.87999725341797,72.08999633789062,8724200
2025-01-02,68.07621002197266,71.94000244140625,72.19000244140625,71.8499984741211,72.19000244140625,8053300
2025-01-03,67.99104309082031,71.8499984741211,72.05999755859375,71.83000183105469,71.97000122070312,6857000
2025-01-06,67.9248046875,71.77999877929688,71.87999725341797,71.69999694824219,71.77999877929688,5375700
2025-01-07,67.688232421875,71.52999877929688,71.7699966430664,71.44000244140625,71.72000122070312,7875900
2025-01-08,67.7639389038086,71.61000061035156,71.66000366210938,71.44999694824219,71.4800033569336,5844300
2025-01-10,67.41380310058594,71.23999786376953,71.73999786376953,71.18000030517578,71.73999786376953,9602400
2025-01-13,67.34757232666016,71.16999816894531,71.25,71.0999984741211,71.23999786376953,11856300
2025-01-14,67.39488983154297,71.22000122070312,71.25,71.11000061035156,71.1500015258789,5166000
2025-01-15,67.93427276611328,71.79000091552734,71.87999725341797,71.5999984741211,71.5999984741211,5867900
2025-01-16,68.06676483154297,71.93000030517578,72.02999877929688,71.63999938964844,71.69999694824219,8494100
2025-01-17,68.0856704711914,71.94999694824219,72.0999984741211,71.91000366210938,72.0999984741211,5600200
2025-01-21,68.28440856933594,72.16000366210938,72.20999908447266,72.06999969482422,72.20999908447266,8491600
2025-01-22,68.14246368408203,72.01000213623047,72.19999694824219,71.97000122070312,72.1500015258789,6616600
2025-01-23,68.03836822509766,71.9000015258789,72.0,71.80000305175781,72.0,7529700
2025-01-24,68.17083740234375,72.04000091552734,72.08999633789062,71.87000274658203,72.0,5555700
2025-01-27,68.5304183959961,72.41999816894531,72.44000244140625,72.26000213623047,72.33999633789062,8621200
2025-01-28,68.4925765991211,72.37999725341797,72.38999938964844,72.20999908447266,72.38999938964844,4424300
2025-01-29,68.45472717285156,72.33999633789062,72.48999786376953,72.16999816894531,72.43000030517578,5780200
2025-01-30,68.54936981201172,72.44000244140625,72.52999877929688,72.37999725341797,72.45999908447266,5622300
2025-01-31,68.45472717285156,72.33999633789062,72.54000091552734,72.19999694824219,72.4800033569336,6738300
2025-02-03,68.5164566040039,72.16999816894531,72.43000030517578,72.05999755859375,72.2300033569336,7163800
2025-02-04,68.61138916015625,72.2699966430664,72.29000091552734,71.97000122070312,72.04000091552734,7296200
2025-02-05,68.962646484375,72.63999938964844,72.76000213623047,72.5,72.5199966430664,8981700
2025-02-06,68.88671112060547,72.55999755859375,72.6500015258789,72.4800033569336,72.55999755859375,5722100
2025-02-07,68.67784118652344,72.33999633789062,72.44000244140625,72.2699966430664,72.38999938964844,6415300
2025-02-10,68.69683074951172,72.36000061035156,72.51000213623047,72.31999969482422,72.44999694824219,5439200
2025-02-11,68.58289337158203,72.23999786376953,72.30999755859375,72.18000030517578,72.30999755859375,6870800
2025-02-12,68.23162078857422,71.87000274658203,71.98999786376953,71.75,71.93000030517578,5279600
2025-02-13,68.63987731933594,72.30000305175781,72.37000274658203,72.06999969482422,72.16000366210938,6452900
2025-02-14,68.85821533203125,72.52999877929688,72.68000030517578,72.45999908447266,72.45999908447266,6131500
2025-02-18,68.60189056396484,72.26000213623047,72.44999694824219,72.25,72.3499984741211,7151700
2025-02-19,68.69683074951172,72.36000061035156,72.38999938964844,72.20999908447266,72.29000091552734,4720700
2025-02-20,68.78227233886719,72.44999694824219,72.5,72.41999816894531,72.45999908447266,6199000
2025-02-21,69.08607482910156,72.7699966430664,72.86000061035156,72.52999877929688,72.54000091552734,4460600
2025-02-24,69.18102264404297,72.87000274658203,72.91999816894531,72.69000244140625,72.69999694824219,5580100
2025-02-25,69.61772155761719,73.33000183105469,73.33000183105469,73.05000305175781,73.11000061035156,4835300
2025-02-26,69.72213745117188,73.44000244140625,73.4800033569336,73.20999908447266,73.30999755859375,5825400
2025-02-27,69.63671875,73.3499984741211,73.41999816894531,73.22000122070312,73.30999755859375,14908500
2025-02-28,69.93101501464844,73.66000366210938,73.69000244140625,73.41000366210938,73.5199966430664,8363500
2025-03-03,70.0919418334961,73.61000061035156,73.62999725341797,73.22000122070312,73.25,7549300
2025-03-04,69.89197540283203,73.4000015258789,73.75,73.31999969482422,73.61000061035156,7693100
2025-03-05,69.64439392089844,73.13999938964844,73.5199966430664,73.12999725341797,73.30000305175781,7758400
2025-03-06,69.58727264404297,73.08000183105469,73.19999694824219,72.9000015258789,73.11000061035156,7196400
2025-03-07,69.5110855102539,73.0,73.37000274658203,72.94999694824219,73.33000183105469,5036100
2025-03-10,69.83482360839844,73.33999633789062,73.47000122070312,73.2699966430664,73.30000305175781,8167000
2025-03-11,69.56822204589844,73.05999755859375,73.43000030517578,73.04000091552734,73.19999694824219,8359200
2025-03-12,69.42540740966797,72.91000366210938,73.05999755859375,72.88999938964844,72.91000366210938,6193000
2025-03-13,69.63488006591797,73.12999725341797,73.1500015258789,72.7699966430664,72.91999816894531,4711400
2025-03-14,69.46347045898438,72.94999694824219,73.06999969482422,72.94000244140625,73.0199966430664,5094900
2025-03-17,69.55870819091797,73.05000305175781,73.23999786376953,73.01000213623047,73.12999725341797,4772900
2025-03-18,69.63488006591797,73.12999725341797,73.22000122070312,72.97000122070312,72.9800033569336,4196100
2025-03-19,69.8443603515625,73.3499984741211,73.37999725341797,73.0,73.06999969482422,4201600
2025-03-20,69.87291717529297,73.37999725341797,73.66999816894531,73.3499984741211,73.6500015258789,3760700
2025-03-21,69.81581115722656,73.31999969482422,73.5199966430664,73.30000305175781,73.44000244140625,7078500
2025-03-24,69.5110855102539,73.0,73.22000122070312,72.9800033569336,73.19000244140625,5637000
2025-03-25,69.59679412841797,73.08999633789062,73.16999816894531,72.98999786376953,73.0,6133700
2025-03-26,69.44444274902344,72.93000030517578,73.05999755859375,72.88999938964844,73.0199966430664,4856900
2025-03-27,69.4158706665039,72.9000015258789,72.91999816894531,72.81999969482422,72.87999725341797,5567900
2025-03-28,69.81581115722656,73.31999969482422,73.3499984741211,73.06999969482422,73.16000366210938,4850500
2025-03-31,69.93956756591797,73.44999694824219,73.55999755859375,73.2699966430664,73.5,7106000
2025-04-01,70.15931701660156,73.44000244140625,73.58000183105469,73.20999908447266,73.22000122070312,4667900
2025-04-02,70.10198211669922,73.37999725341797,73.62000274658203,73.18000030517578,73.61000061035156,5313100
2025-04-03,70.46502685546875,73.76000213623047,74.0,73.62000274658203,73.76000213623047,7426200
2025-04-04,70.52232360839844,73.81999969482422,74.33999633789062,73.70999908447266,74.19999694824219,12678000
2025-04-07,69.6720962524414,72.93000030517578,73.69000244140625,72.8499984741211,73.6500015258789,14283000
2025-04-08,69.2708511352539,72.51000213623047,73.05000305175781,72.45999908447266,72.91999816894531,12629200
2025-04-09,69.4332504272461,72.68000030517578,72.69999694824219,71.4800033569336,71.48999786376953,20862000
2025-04-10,68.87915802001953,72.0999984741211,72.61000061035156,72.05999755859375,72.41999816894531,8058500
2025-04-11,68.802734375,72.0199966430664,72.1500015258789,71.41000366210938,71.69000244140625,7260400
2025-04-14,69.1944351196289,72.43000030517578,72.52999877929688,72.19999694824219,72.22000122070312,5409300
2025-04-15,69.36640167236328,72.61000061035156,72.73999786376953,72.3499984741211,72.36000061035156,5667500
2025-04-16,69.55744934082031,72.80999755859375,72.8499984741211,72.51000213623047,72.66000366210938,33963000
2025-04-17,69.40458679199219,72.6500015258789,72.83000183105469,72.5999984741211,72.79000091552734,7613800
2025-04-21,69.02246856689453,72.25,72.63999938964844,72.25,72.48999786376953,6092900
2025-04-22,69.14667510986328,72.37999725341797,72.52999877929688,72.37000274658203,72.48999786376953,5408200
2025-04-23,69.28995513916016,72.52999877929688,73.12999725341797,72.5,72.81999969482422,5283000
2025-04-24,69.681640625,72.94000244140625,72.94999694824219,72.75,72.80000305175781,3751500
2025-04-25,69.91093444824219,73.18000030517578,73.19000244140625,73.01000213623047,73.08999633789062,4021800
2025-04-28,70.08287811279297,73.36000061035156,73.38999938964844,73.08999633789062,73.0999984741211,4685400
2025-04-29,70.26439666748047,73.55000305175781,73.55999755859375,73.27999877929688,73.29000091552734,3790700
2025-04-30,70.21662902832031,73.5,73.58000183105469,73.37000274658203,73.5,8020700
2025-05-01,70.0211181640625,73.05999755859375,73.37000274658203,72.94999694824219,73.33999633789062,6295400
2025-05-02,69.67608642578125,72.69999694824219,72.8499984741211,72.61000061035156,72.70999908447266,6960800
2025-05-05,69.58024597167969,72.5999984741211,72.69000244140625,72.4800033569336,72.62999725341797,7575000
2025-05-06,69.73360443115234,72.76000213623047,72.7699966430664,72.5,72.55999755859375,6994000
2025-05-07,69.86776733398438,72.9000015258789,72.97000122070312,72.79000091552734,72.80000305175781,4357400
2025-05-08,69.4939956665039,72.51000213623047,72.91999816894531,72.51000213623047,72.86000061035156,4283200
2025-05-09,69.5514907836914,72.56999969482422,72.73999786376953,72.55999755859375,72.61000061035156,3730700
2025-05-12,69.31190490722656,72.31999969482422,72.44999694824219,72.30000305175781,72.30000305175781,6982800
2025-05-13,69.28313446044922,72.29000091552734,72.43000030517578,72.19999694824219,72.30000305175781,5610300
2025-05-14,69.04353332519531,72.04000091552734,72.29000091552734,72.01000213623047,72.23999786376953,6426700
2025-05-15,69.41732788085938,72.43000030517578,72.44999694824219,72.16999816894531,72.25,5659000
2025-05-16,69.46524047851562,72.4800033569336,72.68000030517578,72.44999694824219,72.62000274658203,5310000
2025-05-19,69.44605255126953,72.45999908447266,72.4800033569336,72.05999755859375,72.16999816894531,5787700
2025-05-20,69.32147979736328,72.33000183105469,72.38999938964844,72.19999694824219,72.30000305175781,5810300
2025-05-21,68.89019012451172,71.87999725341797,72.19999694824219,71.80000305175781,72.1500015258789,10880400
2025-05-22,69.08187866210938,72.08000183105469,72.08999633789062,71.76000213623047,71.87000274658203,7067200
2025-05-23,69.18731689453125,72.19000244140625,72.29000091552734,72.08999633789062,72.2699966430664,4272600
2025-05-27,69.51315307617188,72.52999877929688,72.5999984741211,72.31999969482422,72.37000274658203,6148800
2025-05-28,69.35981750488281,72.37000274658203,72.45999908447266,72.29000091552734,72.41000366210938,5214700
2025-05-29,69.60899353027344,72.62999725341797,72.69999694824219,72.4800033569336,72.4800033569336,4685800
2025-05-30,69.74317169189453,72.7699966430664,72.77999877929688,72.54000091552734,72.62999725341797,5995600
2025-06-02,69.58932495117188,72.37000274658203,72.52999877929688,72.23999786376953,72.3499984741211,6888000
2025-06-03,69.51239013671875,72.29000091552734,72.5,72.26000213623047,72.44000244140625,7436800
2025-06-04,69.94511413574219,72.73999786376953,72.80999755859375,72.51000213623047,72.54000091552734,8343000
2025-06-05,69.81048583984375,72.5999984741211,72.83000183105469,72.58000183105469,72.76000213623047,6620600
2025-06-06,69.43546295166016,72.20999908447266,72.48999786376953,72.19000244140625,72.37000274658203,14677200
2025-06-09,69.54125213623047,72.31999969482422,72.38999938964844,72.19999694824219,72.19999694824219,10147300
2025-06-10,69.67584991455078,72.45999908447266,72.55999755859375,72.37999725341797,72.51000213623047,9257000
2025-06-11,69.89702606201172,72.69000244140625,72.72000122070312,72.5199966430664,72.58999633789062,8034900
2025-06-12,70.15666961669922,72.95999908447266,72.97000122070312,72.81999969482422,72.9000015258789,5950100
2025-06-13,69.9066390991211,72.69999694824219,72.8499984741211,72.55000305175781,72.80999755859375,5656200
2025-06-16,69.77201843261719,72.55999755859375,72.79000091552734,72.55000305175781,72.6500015258789,6415500
2025-06-17,69.99319458007812,72.79000091552734,72.81999969482422,72.5999984741211,72.69000244140625,5123400
2025-06-18,70.03166198730469,72.83000183105469,73.0199966430664,72.76000213623047,72.87000274658203,5176900
2025-06-20,70.07972717285156,72.87999725341797,72.95999908447266,72.66999816894531,72.70999908447266,5396600
2025-06-23,70.25281524658203,73.05999755859375,73.22000122070312,72.9800033569336,73.05000305175781,5391900
2025-06-24,70.46436309814453,73.27999877929688,73.31999969482422,72.98999786376953,72.98999786376953,8789700
2025-06-25,70.48358917236328,73.30000305175781,73.30999755859375,73.0999984741211,73.19000244140625,5346300
2025-06-26,70.6855239868164,73.51000213623047,73.5199966430664,73.30000305175781,73.37000274658203,5373300
2025-06-27,70.52203369140625,73.33999633789062,73.55000305175781,73.31999969482422,73.37999725341797,6928700
2025-06-30,70.80091094970703,73.62999725341797,73.66999816894531,73.44999694824219,73.51000213623047,6986700
2025-07-01,70.74784851074219,73.33999633789062,73.44999694824219,73.2300033569336,73.38999938964844,6286300
2025-07-02,70.67069244384766,73.26000213623047,73.26000213623047,73.13999938964844,73.16999816894531,6342300
2025-07-03,70.49703979492188,73.08000183105469,73.16999816894531,73.04000091552734,73.12999725341797,6428400
2025-07-07,70.26551055908203,72.83999633789062,73.0199966430664,72.79000091552734,72.95999908447266,8191000
2025-07-08,70.2269515991211,72.80000305175781,72.80000305175781,72.69999694824219,72.73999786376953,5934200
2025-07-09,70.50668334960938,73.08999633789062,73.0999984741211,72.88999938964844,72.88999938964844,6720200
2025-07-10,70.51634979248047,73.0999984741211,73.11000061035156,72.97000122070312,73.08000183105469,6650900
2025-07-11,70.2269515991211,72.80000305175781,72.9000015258789,72.7699966430664,72.88999938964844,4962400
2025-07-14,70.21730041503906,72.79000091552734,72.86000061035156,72.69999694824219,72.7699966430664,5624700
2025-07-15,70.00507354736328,72.56999969482422,72.87999725341797,72.55000305175781,72.87999725341797,5908400
2025-07-16,70.14012145996094,72.70999908447266,72.77999877929688,72.5199966430664,72.69999694824219,7874900
2025-07-17,70.159423828125,72.7300033569336,72.81999969482422,72.68000030517578,72.72000122070312,6857300
2025-07-18,70.27517700195312,72.8499984741211,72.9000015258789,72.80999755859375,72.87999725341797,5206800
2025-07-21,70.47775268554688,73.05999755859375,73.18000030517578,73.04000091552734,73.0999984741211,5338500
2025-07-22,70.593505859375,73.18000030517578,73.23999786376953,73.08000183105469,73.0999984741211,5507300
2025-07-23,70.44880676269531,73.02999877929688,73.12000274658203,73.0,73.08000183105469,5269400
2025-07-24,70.36199951171875,72.94000244140625,73.04000091552734,72.81999969482422,72.83999633789062,6139200
2025-07-25,70.53563690185547,73.12000274658203,73.12000274658203,72.93000030517578,72.94999694824219,4845900
2025-07-28,70.41986083984375,73.0,73.05000305175781,72.95999908447266,73.0199966430664,5806600
2025-07-29,70.78643798828125,73.37999725341797,73.38999938964844,73.08000183105469,73.08000183105469,7397900
2025-07-30,70.60315704345703,73.19000244140625,73.3499984741211,73.12999725341797,73.19000244140625,5554600
2025-07-31,70.61280059814453,73.19999694824219,73.36000061035156,73.18000030517578,73.3499984741211,6463200
2025-08-01,71.22447204589844,73.58999633789062,73.61000061035156,73.37999725341797,73.5,10782300
2025-08-04,71.27288055419922,73.63999938964844,73.6500015258789,73.5,73.62999725341797,6834400
2025-08-05,71.30191802978516,73.66999816894531,73.69999694824219,73.54000091552734,73.55999755859375,8145300
2025-08-06,71.24385070800781,73.61000061035156,73.6500015258789,73.33999633789062,73.56999969482422,8082200
2025-08-07,71.21481323242188,73.58000183105469,73.69999694824219,73.52999877929688,73.69999694824219,4193100
2025-08-08,71.05995178222656,73.41999816894531,73.51000213623047,73.4000015258789,73.5,5566300
2025-08-11,71.10834503173828,73.47000122070312,73.55000305175781,73.44000244140625,73.48999786376953,8668100
2025-08-12,71.11803436279297,73.4800033569336,73.4800033569336,73.33000183105469,73.38999938964844,5493400
2025-08-13,71.37934875488281,73.75,73.77999877929688,73.66999816894531,73.69000244140625,6208900
2025-08-14,71.17608642578125,73.54000091552734,73.75,73.48999786376953,73.75,6818100
2025-08-15,71.0793228149414,73.44000244140625,73.58999633789062,73.38999938964844,73.52999877929688,4309100
2025-08-18,71.00187683105469,73.36000061035156,73.63999938964844,73.30999755859375,73.47000122070312,6941600
2025-08-19,71.13738250732422,73.5,73.51000213623047,73.44000244140625,73.44000244140625,5098500
2025-08-20,71.1857681274414,73.55000305175781,73.5999984741211,73.45999908447266,73.48999786376953,5512500
2025-08-21,71.01155853271484,73.37000274658203,73.47000122070312,73.29000091552734,73.44000244140625,5695500
2025-08-22,71.36965942382812,73.73999786376953,73.80999755859375,73.4800033569336,73.5,5828700
2025-08-25,71.27288055419922,73.63999938964844,73.72000122070312,73.58999633789062,73.62999725341797,5361700
2025-08-26,71.3599853515625,73.7300033569336,73.76000213623047,73.58999633789062,73.6500015258789,4648300
2025-08-27,71.42774200439453,73.80000305175781,73.80999755859375,73.58999633789062,73.66000366210938,6053900
2025-08-28,71.51483917236328,73.88999938964844,73.91999816894531,73.76000213623047,73.79000091552734,5857300
2025-08-29,71.42774200439453,73.80000305175781,73.87000274658203,73.76000213623047,73.81999969482422,7736300
2025-09-02,71.27528381347656,73.4000015258789,73.43000030517578,73.30999755859375,73.33999633789062,6222400
2025-09-03,71.50833892822266,73.63999938964844,73.72000122070312,73.44000244140625,73.44999694824219,6005100
2025-09-04,71.78022766113281,73.91999816894531,73.93000030517578,73.72000122070312,73.80000305175781,8842600
2025-09-05,72.1200942993164,74.2699966430664,74.37000274658203,74.25,74.29000091552734,6321800
2025-09-08,72.35315704345703,74.51000213623047,74.5199966430664,74.41000366210938,74.43000030517578,6414400
2025-09-09,72.21720123291016,74.37000274658203,74.5199966430664,74.30000305175781,74.47000122070312,6613200
2025-09-10,72.34344482421875,74.5,74.62000274658203,74.44000244140625,74.48999786376953,5680700
2025-09-11,72.49881744384766,74.66000366210938,74.76000213623047,74.56999969482422,74.56999969482422,6437200
2025-09-12,72.41142272949219,74.56999969482422,74.58000183105469,74.43000030517578,74.54000091552734,5493000
2025-09-15,72.54737091064453,74.70999908447266,74.7300033569336,74.6500015258789,74.66000366210938,7193600
2025-09-16,72.55708312988281,74.72000122070312,74.7699966430664,74.6500015258789,74.70999908447266,7012200
2025-09-17,72.43083953857422,74.58999633789062,74.91999816894531,74.52999877929688,74.80000305175781,8872000
2025-09-18,72.24634552001953,74.4000015258789,74.4800033569336,74.29000091552734,74.38999938964844,7641400
2025-09-19,72.27545928955078,74.43000030517578,74.44999694824219,74.33999633789062,74.41000366210938,5295700
2025-09-22,72.1395263671875,74.29000091552734,74.41000366210938,74.2699966430664,74.38999938964844,7813900
2025-09-23,72.28518676757812,74.44000244140625,74.44999694824219,74.30999755859375,74.37000274658203,6492000
2025-09-24,72.1395263671875,74.29000091552734,74.37999725341797,74.26000213623047,74.37000274658203,5158400
2025-09-25,72.06182861328125,74.20999908447266,74.22000122070312,74.06999969482422,74.19000244140625,7402700
2025-09-26,72.06182861328125,74.20999908447266,74.33000183105469,74.1500015258789,74.22000122070312,5531400
2025-09-29,72.24634552001953,74.4000015258789,74.44000244140625,74.29000091552734,74.30999755859375,5534500
2025-09-30,72.21720123291016,74.37000274658203,74.54000091552734,74.33999633789062,74.43000030517578,8840700
2025-10-01,72.39936828613281,74.31999969482422,74.36000061035156,74.20999908447266,74.31999969482422,8762900
2025-10-02,72.47731018066406,74.4000015258789,74.41999816894531,74.25,74.29000091552734,7155600
2025-10-03,72.3896255493164,74.30999755859375,74.44999694824219,74.29000091552734,74.41999816894531,8372400
2025-10-06,72.2240219116211,74.13999938964844,74.27999877929688,74.12999725341797,74.16999816894531,8688800
2025-10-07,72.36040496826172,74.27999877929688,74.3499984741211,74.19000244140625,74.22000122070312,7229500
2025-10-08,72.36040496826172,74.27999877929688,74.41000366210938,74.26000213623047,74.4000015258789,6298400
2025-10-09,72.31170654296875,74.2300033569336,74.26000213623047,74.18000030517578,74.23999786376953,9071000
2025-10-10,72.59420013427734,74.5199966430664,74.58000183105469,74.36000061035156,74.43000030517578,7202600
2025-10-13,72.71109771728516,74.63999938964844,74.63999938964844,74.44999694824219,74.54000091552734,4358400
2025-10-14,72.81826782226562,74.75,74.77999877929688,74.56999969482422,74.62999725341797,6550100
2025-10-15,72.76954650878906,74.69999694824219,74.87000274658203,74.66000366210938,74.7699966430664,6264800
2025-10-16,73.04232025146484,74.9800033569336,75.0,74.66999816894531,74.66999816894531,8485100
2025-10-17,72.94490814208984,74.87999725341797,74.91999816894531,74.80999755859375,74.91000366210938,20337500
2025-10-20,73.04232025146484,74.9800033569336,74.98999786376953,74.91000366210938,74.94999694824219,6287200
2025-10-21,73.1299819946289,75.06999969482422,75.1500015258789,75.05000305175781,75.0999984741211,6179900
2025-10-22,73.1299819946289,75.06999969482422,75.08000183105469,74.97000122070312,75.02999877929688,7164500
2025-10-23,72.9838638305664,74.91999816894531,75.0199966430664,74.9000015258789,74.98999786376953,6041700
2025-10-24,73.08129119873047,75.0199966430664,75.05000305175781,74.91000366210938,75.04000091552734,6912300
2025-10-27,73.12025451660156,75.05999755859375,75.05999755859375,74.88999938964844,74.95999908447266,7706600
2025-10-28,73.15922546386719,75.0999984741211,75.12000274658203,75.01000213623047,75.04000091552734,7399700
2025-10-29,72.79878234863281,74.7300033569336,75.08000183105469,74.70999908447266,75.06999969482422,8938700
2025-10-30,72.67212677001953,74.5999984741211,74.72000122070312,74.5,74.51000213623047,7109500
2025-10-31,72.65265655517578,74.58000183105469,74.68000030517578,74.54000091552734,74.66000366210938,7106700
2025-11-03,72.568603515625,74.25,74.29000091552734,74.16999816894531,74.23999786376953,7085100
2025-11-04,72.60769653320312,74.29000091552734,74.37000274658203,74.23999786376953,74.26000213623047,11476200
2025-11-05,72.40245819091797,74.08000183105469,74.26000213623047,74.04000091552734,74.23999786376953,10862500
2025-11-06,72.68587493896484,74.37000274658203,74.4000015258789,74.27999877929688,74.30000305175781,6461200
2025-11-07,72.64678192138672,74.33000183105469,74.43000030517578,74.26000213623047,74.26000213623047,7073200
2025-11-10,72.62724304199219,74.30999755859375,74.37000274658203,74.27999877929688,74.31999969482422,7235100
2025-11-11,72.83248901367188,74.5199966430664,74.52999877929688,74.41999816894531,74.45999908447266,5229400
2025-11-12,72.80316162109375,74.48999786376953,74.54000091552734,74.44000244140625,74.4800033569336,7129700
2025-11-13,72.58814239501953,74.2699966430664,74.41000366210938,74.2699966430664,74.36000061035156,7105100
2025-11-14,72.48064422607422,74.16000366210938,74.41999816894531,74.16000366210938,74.4000015258789,6473000
2025-11-17,72.51973724365234,74.19999694824219,74.27999877929688,74.19000244140625,74.20999908447266,6908300
2025-11-18,72.57837677001953,74.26000213623047,74.37999725341797,74.18000030517578,74.33000183105469,8009200
2025-11-19,72.54906463623047,74.2300033569336,74.37000274658203,74.19999694824219,74.33999633789062,7527500
2025-11-20,72.65655517578125,74.33999633789062,74.4000015258789,74.29000091552734,74.30999755859375,8461100
2025-11-21,72.83248901367188,74.5199966430664,74.55000305175781,74.4000015258789,74.55000305175781,6818400
2025-11-24,72.95954895019531,74.6500015258789,74.68000030517578,74.55000305175781,74.62000274658203,5734400
2025-11-25,73.12568664550781,74.81999969482422,74.88999938964844,74.69999694824219,74.69999694824219,7446200
2025-11-26,73.2038803100586,74.9000015258789,74.9000015258789,74.68000030517578,74.77999877929688,7327100
2025-11-28,73.08660125732422,74.77999877929688,74.87999725341797,74.70999908447266,74.86000061035156,4812100
2025-12-01,72.80127716064453,74.25,74.30000305175781,74.20999908447266,74.2699966430664,6891500
2025-12-02,72.86990356445312,74.31999969482422,74.36000061035156,74.22000122070312,74.25,6756900
2025-12-03,72.97776794433594,74.43000030517578,74.47000122070312,74.33999633789062,74.41000366210938,9774000
2025-12-04,72.84049224853516,74.29000091552734,74.37000274658203,74.26000213623047,74.36000061035156,7337500
2025-12-05,72.75224304199219,74.19999694824219,74.33000183105469,74.1500015258789,74.30999755859375,7270500
2025-12-08,72.64439392089844,74.08999633789062,74.20999908447266,73.9800033569336,74.19999694824219,8585700
2025-12-09,72.59537506103516,74.04000091552734,74.20999908447266,74.01000213623047,74.20999908447266,6665200
2025-12-10,72.81108856201172,74.26000213623047,74.2699966430664,74.0,74.01000213623047,8771100
2025-12-11,72.81108856201172,74.26000213623047,74.43000030517578,74.23999786376953,74.41000366210938,8924600
2025-12-12,72.58556365966797,74.02999877929688,74.08999633789062,74.01000213623047,74.05000305175781,8117600
2025-12-15,72.67382049560547,74.12000274658203,74.23999786376953,74.08000183105469,74.16999816894531,10495500
2025-12-16,72.81108856201172,74.26000213623047,74.2699966430664,74.05999755859375,74.12000274658203,6999300
2025-12-17,72.7914810180664,74.23999786376953,74.2699966430664,74.16999816894531,74.18000030517578,10071300
2025-12-18,72.9459228515625,74.1500015258789,74.19999694824219,74.08999633789062,74.1500015258789,6940500
2025-12-19,72.83771514892578,74.04000091552734,74.12999725341797,74.0199966430664,74.06999969482422,7540400
2025-12-22,72.81803894042969,74.0199966430664,74.04000091552734,73.97000122070312,74.02999877929688,9855300
2025-12-23,72.80819702148438,74.01000213623047,74.0199966430664,73.8499984741211,73.86000061035156,10188700
2025-12-24,72.98528289794922,74.19000244140625,74.19999694824219,74.05000305175781,74.08000183105469,5341700
2025-12-26,72.98528289794922,74.19000244140625,74.27999877929688,74.13999938964844,74.25,6730500
2025-12-29,73.09349822998047,74.30000305175781,74.30000305175781,74.20999908447266,74.26000213623047,9105700
2025-12-30,73.06397247314453,74.2699966430664,74.29000091552734,74.18000030517578,74.2300033569336,7743200
2025-12-31,72.86722564697266,74.06999969482422,74.25,74.05999755859375,74.16999816894531,8846700
2026-01-02,72.83771514892578,74.04000091552734,74.16000366210938,74.0199966430664,74.12999725341797,7453500
2026-01-05,72.97543334960938,74.18000030517578,74.20999908447266,74.08000183105469,74.11000061035156,11059100
2026-01-06,72.97543334960938,74.18000030517578,74.19000244140625,74.02999877929688,74.12999725341797,9079000
2026-01-07,73.05414581298828,74.26000213623047,74.31999969482422,74.19999694824219,74.30000305175781,11576600
2026-01-08,72.92623901367188,74.12999725341797,74.18000030517578,74.0999984741211,74.12000274658203,9906800
2026-01-09,73.08364868164062,74.29000091552734,74.36000061035156,74.12999725341797,74.18000030517578,10536800
2026-01-12,73.0147933959961,74.22000122070312,74.30000305175781,74.16000366210938,74.20999908447266,9851000
2026-01-13,73.07380676269531,74.27999877929688,74.31999969482422,74.22000122070312,74.30999755859375,11835200
2026-01-14,73.22138214111328,74.43000030517578,74.45999908447266,74.31999969482422,74.31999969482422,8765900
2026-01-15,73.1131591796875,74.31999969482422,74.47000122070312,74.31999969482422,74.44999694824219,9959500
2026-01-16,72.99510192871094,74.19999694824219,74.33000183105469,74.18000030517578,74.31999969482422,16105100
2026-01-20,72.72949981689453,73.93000030517578,74.02999877929688,73.9000015258789,73.91000366210938,12982700
2026-01-21,72.93608093261719,74.13999938964844,74.16000366210938,73.94999694824219,74.01000213623047,11453200
2026-01-22,72.96559143066406,74.16999816894531,74.20999908447266,74.05000305175781,74.08999633789062,13512400
2026-01-23,73.04430389404297,74.25,74.26000213623047,74.12000274658203,74.19999694824219,8079700
2026-01-26,73.13282775878906,74.33999633789062,74.37999725341797,74.30999755859375,74.33999633789062,7137300
2026-01-27,73.07380676269531,74.27999877929688,74.37999725341797,74.25,74.30999755859375,9827900
2026-01-28,73.04430389404297,74.25,74.26000213623047,74.1500015258789,74.23999786376953,9328300
2026-01-29,73.05414581298828,74.26000213623047,74.31999969482422,74.13999938964844,74.1500015258789,16397300
2026-01-30,73.0246353149414,74.2300033569336,74.30000305175781,74.16999816894531,74.25,8977500
2026-02-02,72.95060729980469,73.91000366210938,74.04000091552734,73.88999938964844,74.02999877929688,8636400
2026-02-03,72.9703369140625,73.93000030517578,73.94000244140625,73.83999633789062,73.86000061035156,11287100
2026-02-04,72.94072723388672,73.9000015258789,73.95999908447266,73.8499984741211,73.88999938964844,11709600
2026-02-05,73.25657653808594,74.22000122070312,74.23999786376953,74.01000213623047,74.05999755859375,12216700
2026-02-06,73.26644897460938,74.2300033569336,74.25,74.12999725341797,74.2300033569336,8257200
2026-02-09,73.28619384765625,74.25,74.2699966430664,74.13999938964844,74.16999816894531,9429800
2026-02-10,73.50334167480469,74.47000122070312,74.5199966430664,74.43000030517578,74.44999694824219,8288400
2026-02-11,73.35527801513672,74.31999969482422,74.4800033569336,74.29000091552734,74.30999755859375,7968800
2026-02-12,73.69086456298828,74.66000366210938,74.68000030517578,74.43000030517578,74.45999908447266,9884300
2026-02-13,73.90800476074219,74.87999725341797,74.9000015258789,74.80999755859375,74.83999633789062,8307900
2026-02-17,73.89813995361328,74.87000274658203,74.91000366210938,74.83000183105469,74.88999938964844,9689000
2026-02-18,73.81917572021484,74.79000091552734,74.86000061035156,74.7699966430664,74.79000091552734,6972500
2026-02-19,73.84878540039062,74.81999969482422,74.8499984741211,74.72000122070312,74.72000122070312,8147900
2026-02-20,73.83892059326172,74.80999755859375,74.83999633789062,74.69000244140625,74.83999633789062,9131300
2026-02-23,73.99684143066406,74.97000122070312,75.0199966430664,74.83999633789062,74.83999633789062,6286900
2026-02-24,73.95735931396484,74.93000030517578,74.97000122070312,74.88999938964844,74.94999694824219,9854400
2026-02-25,73.93761444091797,74.91000366210938,74.97000122070312,74.87000274658203,74.87999725341797,7002000
2026-02-26,74.04618835449219,75.0199966430664,75.02999877929688,74.93000030517578,74.93000030517578,14876200
2026-02-27,74.1942367553711,75.16999816894531,75.2300033569336,75.12999725341797,75.1500015258789,8500900
2026-03-02,73.89525604248047,74.63999938964844,74.73999786376953,74.55000305175781,74.72000122070312,8732600
2026-03-03,73.81604766845703,74.55999755859375,74.66000366210938,74.30999755859375,74.33000183105469,8939900
2026-03-04,73.76655578613281,74.51000213623047,74.5999984741211,74.5,74.56999969482422,11305400
2026-03-05,73.59823608398438,74.33999633789062,74.37000274658203,74.23999786376953,74.27999877929688,10025800
2026-03-06,73.4992446899414,74.23999786376953,74.41999816894531,74.06999969482422,74.12000274658203,10878000
2026-03-09,73.70714569091797,74.44999694824219,74.5,74.11000061035156,74.1500015258789,8201800
2026-03-10,73.47945404052734,74.22000122070312,74.44999694824219,74.20999908447266,74.38999938964844,8622900
2026-03-11,73.1527328491211,73.88999938964844,74.0999984741211,73.8499984741211,74.08999633789062,9003400
2026-03-12,72.88543701171875,73.62000274658203,73.83000183105469,73.55999755859375,73.77999877929688,12383500
2026-03-13,72.81613159179688,73.55000305175781,73.80000305175781,73.51000213623047,73.73999786376953,7060100
2026-03-16,73.09333801269531,73.83000183105469,73.87999725341797,73.73999786376953,73.83000183105469,7716600
2026-03-17,73.2418441772461,73.9800033569336,74.01000213623047,73.93000030517578,73.93000030517578,5948100
2026-03-18,72.94483184814453,73.68000030517578,73.94999694824219,73.66999816894531,73.9000015258789,9210900
2026-03-19,73.02404022216797,73.76000213623047,73.86000061035156,73.5,73.5199966430664,8861500
2026-03-20,72.4399185180664,73.16999816894531,73.52999877929688,73.16000366210938,73.51000213623047,12983200
2026-03-23,72.71712493896484,73.44999694824219,73.61000061035156,73.23999786376953,73.30000305175781,14898800
2026-03-24,72.52902221679688,73.26000213623047,73.41000366210938,73.12000274658203,73.18000030517578,11800800
2026-03-25,72.80622863769531,73.54000091552734,73.62000274658203,73.44999694824219,73.56999969482422,9313300
2026-03-26,72.38052368164062,73.11000061035156,73.43000030517578,73.0999984741211,73.33000183105469,8602900
2026-03-27,72.38052368164062,73.11000061035156,73.20999908447266,72.94000244140625,72.9800033569336,13021800
2026-03-30,72.74683380126953,73.4800033569336,73.5999984741211,73.41999816894531,73.4800033569336,10353800
2026-03-31,72.90522766113281,73.63999938964844,73.77999877929688,73.56999969482422,73.66999816894531,10948300
2026-04-01,72.9350357055664,73.41999816894531,73.55999755859375,73.38999938964844,73.43000030517578,9624800
2026-04-02,73.09397888183594,73.58000183105469,73.6500015258789,73.33999633789062,73.36000061035156,7975600
2026-04-06,72.98470306396484,73.47000122070312,73.55999755859375,73.41999816894531,73.44999694824219,9844300
2026-04-07,73.09397888183594,73.58000183105469,73.5999984741211,73.25,73.48999786376953,7270000
2026-04-08,73.2330551147461,73.72000122070312,73.94999694824219,73.66999816894531,73.94000244140625,5760200
2026-04-09,73.26285552978516,73.75,73.88999938964844,73.58000183105469,73.68000030517578,5646600
2026-04-10,73.15357971191406,73.63999938964844,73.7699966430664,73.62999725341797,73.73999786376953,6334300
2026-04-13,73.31253051757812,73.80000305175781,73.81999969482422,73.5999984741211,73.63999938964844,6438100
2026-04-14,73.49134063720703,73.9800033569336,73.98999786376953,73.77999877929688,73.83999633789062,5600100
2026-04-15,73.39199829101562,73.87999725341797,73.93000030517578,73.81999969482422,73.9000015258789,6724300
2026-04-16,73.28272247314453,73.7699966430664,73.95999908447266,73.72000122070312,73.94999694824219,7582500
2026-04-17,73.57080078125,74.05999755859375,74.1500015258789,74.01000213623047,74.05999755859375,5806900
2026-04-20,73.5211410522461,74.01000213623047,74.05999755859375,73.93000030517578,74.05000305175781,7609600
2026-04-21,73.29265594482422,73.77999877929688,73.9800033569336,73.7699966430664,73.94000244140625,5852600
2026-04-22,73.37212371826172,73.86000061035156,73.9800033569336,73.8499984741211,73.95999908447266,5936800
2026-04-23,73.24298858642578,73.7300033569336,73.93000030517578,73.62000274658203,73.86000061035156,6181500
2026-04-24,73.37212371826172,73.86000061035156,73.88999938964844,73.66000366210938,73.75,5118200
2026-04-27,73.25292205810547,73.73999786376953,73.8499984741211,73.69999694824219,73.80000305175781,6095200
2026-04-28,73.2330551147461,73.72000122070312,73.72000122070312,73.5999984741211,73.6500015258789,7242000
2026-04-29,72.90522766113281,73.38999938964844,73.55000305175781,73.31999969482422,73.55000305175781,7207000
2026-04-30,73.0145034790039,73.5,73.58000183105469,73.44999694824219,73.52999877929688,7829100
2026-05-01,73.11616516113281,73.36000061035156,73.52999877929688,73.26000213623047,73.30000305175781,6933100
2026-05-04,72.86699676513672,73.11000061035156,73.27999877929688,72.9800033569336,73.26000213623047,7912200
2026-05-05,72.99656677246094,73.23999786376953,73.30999755859375,73.18000030517578,73.19000244140625,8336200
2026-05-06,73.30553436279297,73.55000305175781,73.56999969482422,73.47000122070312,73.5,7658300
2026-05-07,73.11616516113281,73.36000061035156,73.6500015258789,73.31999969482422,73.6500015258789,9777000
2026-05-08,73.30553436279297,73.55000305175781,73.61000061035156,73.5199966430664,73.55999755859375,7382800
2026-05-11,73.12613677978516,73.37000274658203,73.5,73.36000061035156,73.47000122070312,9494200
2026-05-12,72.90686798095703,73.1500015258789,73.2300033569336,73.12999725341797,73.20999908447266,7431700
2026-05-13,72.936767578125,73.18000030517578,73.19000244140625,73.02999877929688,73.12999725341797,10761000
2026-05-14,72.91683197021484,73.16000366210938,73.37999725341797,73.1500015258789,73.22000122070312,6262500
2026-05-15,72.49822235107422,72.73999786376953,72.83999633789062,72.69999694824219,72.81999969482422,12189900
2026-05-18,72.44839477539062,72.69000244140625,72.86000061035156,72.58999633789062,72.77999877929688,8771700
2026-05-19,72.20919036865234,72.44999694824219,72.55000305175781,72.33999633789062,72.47000122070312,13221200
2026-05-20,72.60785675048828,72.8499984741211,72.9000015258789,72.45999908447266,72.4800033569336,11123000
2026-05-21,72.6875991821289,72.93000030517578,72.94000244140625,72.58000183105469,72.6500015258789,10364600
2026-05-22,72.75736236572266,73.0,73.05000305175781,72.81999969482422,73.04000091552734,6817600
2026-05-26,72.96666717529297,73.20999908447266,73.27999877929688,73.12999725341797,73.26000213623047,7374200
2026-05-27,73.03643035888672,73.27999877929688,73.33999633789062,73.23999786376953,73.29000091552734,7349100
2026-05-28,73.17596435546875,73.41999816894531,73.4800033569336,73.23999786376953,73.29000091552734,7239100
2026-05-29,73.21583557128906,73.45999908447266,73.55000305175781,73.37999725341797,73.47000122070312,9177400
2026-06-01,72.936767578125,73.18000030517578,73.19000244140625,72.94000244140625,73.0,7268300
2026-06-02,72.95669555664062,73.19999694824219,73.30000305175781,73.16000366210938,73.2699966430664,7682700
2026-06-03,72.8171615600586,73.05999755859375,73.12000274658203,72.9800033569336,73.04000091552734,9330700
2026-06-04,72.91683197021484,73.16000366210938,73.2300033569336,73.12999725341797,73.19000244140625,6815000
2026-06-05,72.58792877197266,72.83000183105469,72.94999694824219,72.81999969482422,72.94000244140625,8487200
2026-06-08,72.5679931640625,72.80999755859375,73.01000213623047,72.80000305175781,72.9800033569336,14019000
2026-06-09,72.72746276855469,72.97000122070312,73.0,72.83999633789062,72.91999816894531,8703500
2026-06-10,72.66766357421875,72.91000366210938,73.04000091552734,72.83999633789062,72.97000122070312,5252500
2026-06-11,73.08626556396484,73.33000183105469,73.36000061035156,72.93000030517578,72.9800033569336,9058700
2026-06-12,72.99656677246094,73.23999786376953,73.29000091552734,73.11000061035156,73.20999908447266,7379300
2026-06-15,73.05636596679688,73.30000305175781,73.43000030517578,73.29000091552734,73.37999725341797,7738300
2026-06-16,73.16600036621094,73.41000366210938,73.4800033569336,73.31999969482422,73.33999633789062,5902800
2026-06-17,72.89689636230469,73.13999938964844,73.47000122070312,73.12000274658203,73.41999816894531,8531600
2026-06-18,73.09622955322266,73.33999633789062,73.5,73.31999969482422,73.31999969482422,6312500
2026-06-22,72.89689636230469,73.13999938964844,73.22000122070312,73.11000061035156,73.16999816894531,7359400
2026-06-23,72.97663116455078,73.22000122070312,73.30000305175781,73.18000030517578,73.18000030517578,7081800
2026-06-24,73.30553436279297,73.55000305175781,73.5999984741211,73.45999908447266,73.4800033569336,7819400
2026-06-25,73.3553695678711,73.5999984741211,73.7300033569336,73.58999633789062,73.6500015258789,7638100
2026-06-26,73.42513275146484,73.66999816894531,73.72000122070312,73.55999755859375,73.56999969482422,5965100
2026-06-29,73.46500396728516,73.70999908447266,73.7300033569336,73.63999938964844,73.69000244140625,7224800
